keyword,url,date
건강,https://www.teamblind.com/kr/post/%EC%A0%80%EB%B2%88%EC%97%90-%EC%8C%8D%EB%91%A5%EC%9D%B4%EB%9D%BC%EA%B3%A0-%EA%B8%80-%EC%98%AC%EB%A0%B8%EB%8A%94%EB%8D%B0-%EC%84%B8%EC%8C%8D%EB%91%A5%EC%9D%B4%EB%9E%98-vcj0fcL3,"작성시간
방금"
건강,https://www.teamblind.com/kr/post/%EC%9D%B8%EC%83%9D%EC%9D%B4-%EB%84%88%EB%AC%B4-%EC%9E%AC%EB%AF%B8%EC%97%86%EB%8B%A4-yDoebPv2,"작성시간
4분"
건강,https://www.teamblind.com/kr/post/%EB%B6%80%EB%AA%A8%EB%8B%98-%EA%B1%B4%EA%B0%95%EA%B2%80%EC%A7%84-%EC%84%A0%ED%83%9D%ED%95%AD%EB%AA%A9-%EC%B6%94%EC%B2%9C-%EC%A2%80-%ED%95%B4%EC%A3%BC%EC%84%B8%EC%9A%94-jtLUUBDJ,"작성시간
6분"
건강,https://www.teamblind.com/kr/post/%EC%9A%94%EC%83%88-%EC%9D%BC%EC%83%81%EC%9D%98-%EC%86%8C%EC%A4%91%ED%95%A8%EC%9D%84-%EB%8B%A4%EC%8B%9C%EA%B8%88-%EB%8A%90%EB%82%80%EB%8B%A4-a7SjKpdu,"작성시간
18분"
건강,https://www.teamblind.com/kr/post/%EA%B1%B4%EA%B0%95%EB%B3%B4%ED%97%98%EA%B3%B5%EB%8B%A8-%EC%A4%80%EB%B9%84-%ED%8C%81-JCCSmrU2,"작성시간
20분"
건강,https://www.teamblind.com/kr/post/%ED%98%B9%EC%8B%9C-%EA%B0%84%ED%98%B8%EC%82%AC%EA%B1%B0%EB%82%98-%EA%B1%B4%EA%B0%95%EA%B2%80%EC%A7%84-%EC%9E%98-%EC%95%84%EB%8A%94-%EB%B6%84-%EA%B3%84%EC%8B%A0%EA%B0%80%EC%9A%94-%EB%B6%80%EB%AA%A8%EB%8B%98-%EA%B1%B4%EA%B0%95%EA%B2%80%EC%A7%84-%ED%95%AD%EB%AA%A9-%ED%95%9C-%EB%B2%88%EC%94%A9-%EB%B4%90%EC%A3%BC%EC%84%B8%EC%9A%94-zRWX4iRu,"작성시간
45분"
건강,https://www.teamblind.com/kr/post/%EA%B1%B4%EA%B0%95%EB%B3%B4%ED%97%98-%EC%A7%88%EB%AC%B8%EC%A2%80-wTSL5fks,"작성시간
1시간"
건강,https://www.teamblind.com/kr/post/%EC%A3%BC%EB%A7%90%EC%97%90%EB%8A%94-4kWKsfqf,"작성시간
1시간"
건강,https://www.teamblind.com/kr/post/%EC%88%A0%EC%9D%84-%EC%A4%84-%EC%9D%BC-%EC%88%98-%EC%9E%88%EB%8A%94-%EB%B0%A9%EB%B2%95%EC%9D%B4-%EC%9E%88%EC%9D%84%EA%B9%8C-kDbmwaeb,"작성시간
2시간"
건강,https://www.teamblind.com/kr/post/%EC%9A%B0%EB%A6%AC-%EC%95%84%EB%B6%80%EC%A7%80-atH13p0a,"작성시간
2시간"
건강,https://www.teamblind.com/kr/post/%EC%9D%B4%EA%B2%8C-%EC%9C%A1%EC%95%84%EA%B2%8C%EC%97%90-%EB%A7%9E%EB%8A%94%EC%A7%80-%EB%AA%A8%EB%A5%B4%EA%B2%A0%EC%A7%80%EB%A7%8Cmtx%EB%A7%9E%EC%95%98%EC%96%B4-KUODqVSx,"작성시간
3시간"
건강,https://www.teamblind.com/kr/post/%EA%B1%B4%EA%B0%95%ED%95%98%EA%B3%A0-%EC%B2%B4%EB%A0%A5%EC%A2%8B%EA%B3%A0-%EA%B8%8D%EC%A0%95%EC%A0%81%EC%9D%B8-%EB%B0%B0%EC%9A%B0%EC%9E%90%EA%B0%80-%EC%B5%9C%EA%B3%A0-qmWFhYqS,"작성시간
3시간"
건강,https://www.teamblind.com/kr/post/%EA%B2%B0%EA%B5%AD-%EB%85%B8%EC%82%B0%EC%9D%B4%EB%8B%88-%EB%82%A8%ED%98%90%EC%9D%B4%EB%8B%88-%EC%97%AC%ED%98%90%EC%9D%B4%EB%8B%88-%EC%95%84%EC%A4%8C%EB%A7%88%EB%84%A4-%EA%B8%B0%ED%98%95%EC%A0%95%EC%9E%90%EB%84%A4-%EC%96%B4%EC%A9%8C%EA%B3%A0-%EC%8B%B8%EC%9A%B0%EB%8A%94%EA%B2%83%EB%93%A4-DJ83oB4K,"작성시간
4시간"
건강,https://www.teamblind.com/kr/post/Kmi-%EA%B0%95%EB%82%A8-vs-%ED%95%9C%EC%8B%A0%EB%A9%94%EB%94%94%ED%94%BC%EC%95%84-tcyKoqSY,"작성시간
4시간"
건강,https://www.teamblind.com/kr/post/%EA%B1%B4%EA%B0%95%EB%B3%B4%ED%97%98%EA%B3%B5%EB%8B%A8-%ED%95%84%EA%B8%B0-%EB%8F%84%EC%99%80%EC%A3%BC%EC%84%B8%EC%9A%94-Mi3a4mGO,"작성시간
5시간"
건강,https://www.teamblind.com/kr/post/%EB%A7%88%EC%9D%8C-%EA%B3%B5%ED%97%88%ED%95%A0%EB%95%8C-zurVwiXM,"작성시간
6시간"
건강,https://www.teamblind.com/kr/post/%EC%96%B4%EC%A0%9C-%EC%B9%98%EC%95%84-%EB%AF%B8%EB%B0%B1%ED%96%88%EB%8A%94%EB%8D%B0-VcfrDryk,"작성시간
6시간"
건강,https://www.teamblind.com/kr/post/%EC%9D%B4%EB%9F%B0-%EC%82%AC%EB%9E%8C%EB%8F%84-%EC%9E%88%EC%96%B4-XBv57QsG,"작성시간
6시간"
건강,https://www.teamblind.com/kr/post/%EB%B3%B4%ED%97%98-%EC%A0%90%EA%B2%80-%EB%B6%80%ED%83%81%EB%93%9C%EB%A6%BD%EB%8B%88%EB%8B%A4-Owny24FP,"작성시간
6시간"
건강,https://www.teamblind.com/kr/post/%EB%B3%B4%ED%97%98%EC%97%90%EC%84%9C-%ED%95%AD%EC%95%94-%EA%B4%80%EB%A0%A8-%ED%8A%B9%EC%95%BD-%EC%A2%80-%EB%AC%B8%EC%9D%98-gTfroumD,"작성시간
7시간"
건강,https://www.teamblind.com/kr/post/[%EC%84%9C%EC%9A%B8-%EA%B0%95%EB%82%A8%ED%99%8D%EB%8C%80%EC%A2%85%EB%A1%9C-%EB%8F%85%EC%84%9C-%EB%AA%A8%EC%9E%84-%EC%9D%B8%EC%9B%90-%EB%AA%A8%EC%A7%91%ED%95%A9%EB%8B%88%EB%8B%A4]-N0eRXH6M,"작성시간
7시간"
건강,https://www.teamblind.com/kr/post/20%EB%8C%80-%EC%A2%85%ED%95%A9%EA%B1%B4%EA%B0%95%EA%B2%80%EC%A7%84-%ED%95%B4%EB%B3%B4%EC%8B%A0%EB%B6%84-cmDSA6xr,"작성시간
7시간"
건강,https://www.teamblind.com/kr/post/%EC%A1%B1%EC%A0%81%EA%B7%BC%EB%A7%89%EC%97%BC%EC%9D%B4-%EC%A0%95%ED%99%95%ED%9E%88-%EC%96%B4%EB%96%A4-%ED%86%B5%EC%A6%9D%EC%9D%B4%EC%95%BC-F12mdcat,"작성시간
8시간"
건강,https://www.teamblind.com/kr/post/%EC%96%B4%EC%A7%80%EB%9F%AC%EC%9B%8C-%EB%84%98%EC%96%B4%EC%A7%90-4wpHX8fA,"작성시간
9시간"
건강,https://www.teamblind.com/kr/post/%EB%8B%A4%EC%9D%B4%EC%96%B4%ED%8A%B8-%EC%AD%89%EC%AD%89%EB%90%98%EB%8A%94-%EC%9A%B4%EB%8F%99-%EB%AD%90%EC%9E%88%EC%9D%84%EA%B9%8C%EC%9A%94-tLo2XqHB,"작성시간
9시간"
건강,https://www.teamblind.com/kr/post/%EA%B1%B4%EA%B0%95%ED%95%B4%EC%A7%80%EA%B3%A0-%EC%9E%88%EB%8B%A4-KpDPXMpo,"작성시간
12시간"
건강,https://www.teamblind.com/kr/post/%EC%9E%84%EC%8B%A0-%EC%86%8C%EC%8B%9D-%EB%B3%B4%ED%86%B5-%EC%8B%9C%EB%8C%81%EC%97%90-%EC%96%B8%EC%A0%9C%EC%AF%A4-%EC%95%8C%EB%A0%A4-uj4sE75n,"작성시간
13시간"
건강,https://www.teamblind.com/kr/post/%EB%B0%94%EB%9E%8C%ED%94%BC%EB%8A%94-%EB%82%A8%EC%B9%9C-%EB%B3%B5%EC%88%98%ED%95%98%EA%B2%8C-%EB%8F%84%EC%99%80%EC%A3%BC%EC%84%B8%EC%9A%94-TVyDxP3m,"작성시간
17시간"
건강,https://www.teamblind.com/kr/post/%EB%A7%8C%EB%82%98%EB%8A%94%EC%82%AC%EB%9E%8C%EC%9D%B4-%EB%AA%B8%EC%9D%B4-%EB%A7%8E%EC%9D%B4-%EC%95%84%ED%8D%BC-itD6rZ8a,"작성시간
17시간"
건강,https://www.teamblind.com/kr/post/%EB%82%B4-%EC%9D%B4%EC%83%81%ED%98%95-%EC%A1%B0%EA%B1%B4-%EC%A7%84%EC%A7%9C-%EB%86%92%EC%A7%80-%EC%95%8A%EB%8B%A4%EA%B3%A0-%EC%83%9D%EA%B0%81%ED%95%98%EB%8A%94%EB%8D%B0-nJfZkH4i,"작성시간
17시간"
건강,https://www.teamblind.com/kr/post/%EB%82%A8%EC%B9%9C%EC%9D%B4-%EB%82%98%EB%A5%BC-%EB%84%88%EB%AC%B4-%EC%A2%8B%EC%95%84%ED%95%98%EB%8A%94%EB%8D%B0-%EB%82%9C-%EC%9D%B4%EA%B2%8C-%EB%84%98-%EC%9D%98%EC%8B%AC%EC%8A%A4%EB%9F%AC%EC%9B%8C-nsLxXbfj,"작성시간
18시간"
건강,https://www.teamblind.com/kr/post/%EC%96%B4%EB%96%A4%ED%98%95-%EA%B2%B0%ED%98%BC-%ED%9B%84%EA%B8%B0-R1Xs2rik,"작성시간
18시간"
건강,https://www.teamblind.com/kr/post/%EC%95%84%EB%93%A4-%EC%82%AC%EB%9E%91%ED%95%B4-me2mGLP0,"작성시간
어제"
건강,https://www.teamblind.com/kr/post/%EB%82%98%EC%9D%B4%EB%93%A0-%EC%97%B0%EC%98%88%EC%9D%B8%EC%9D%B4%EB%82%98-%EC%8B%B8%EB%AA%A8%EB%8B%98%EB%93%A4%EC%9D%B4-%EB%BC%88%EB%A7%90%EB%9D%BC%EA%B0%80-%EB%90%98%EB%8A%94-%EC%9D%B4%EC%9C%A0-upVbzSTd,"작성시간
어제"
건강,https://www.teamblind.com/kr/post/%EC%98%A4%EB%8A%98%EC%9D%98%EA%B0%90%EC%82%AC%EC%9D%BC%EA%B8%B0-ZJUQ8Wpu,"작성시간
어제"
건강,https://www.teamblind.com/kr/post/%EB%8B%A4%EB%93%A4-%EC%9D%B4%EC%83%81%ED%98%95-%EC%A0%81%EC%96%B4%EB%B3%B4%EC%9E%90-1FHwwr7r,"작성시간
어제"
건강,https://www.teamblind.com/kr/post/%EC%98%88%EC%A0%84%EC%97%90%EB%8A%94-%EB%AC%B4%EC%9E%90%EC%8B%9D-%EC%83%81%ED%8C%94%EC%9E%90%EB%9D%BC-%EC%83%9D%EA%B0%81%ED%96%88%EB%8A%94%EB%8D%B0-2SCfG573,"작성시간
어제"
건강,https://www.teamblind.com/kr/post/%EC%A0%95%EB%B3%B4-%EA%B3%BC%EC%9E%89-3CdDoG3h,"작성시간
어제"
건강,https://www.teamblind.com/kr/post/%EB%AC%B4%EC%88%A0-%EB%AD%90-%EB%B0%B0%EC%9A%B8%EA%B9%8C%EC%9A%94-AxiuQon4,"작성시간
어제"
건강,https://www.teamblind.com/kr/post/%EB%AD%AC%EC%B9%9C-%EC%98%A4%EB%8A%98-%EB%B0%A5-%EC%95%88-%EB%A8%B9%EA%B3%A0-%EA%B3%BC%EC%9E%90%EB%A7%8C-%EB%A8%B9%EC%97%88%EB%8B%A4-gU2zrLjV,"작성시간
어제"
건강,https://www.teamblind.com/kr/post/%EA%B7%BC%EB%8D%B0-%EB%84%88%EB%84%A4-%E3%84%B9%E3%85%87-%EC%9D%B4%EC%83%81%ED%98%95%EC%9D%B4%EB%9E%91-%EC%97%B0%EC%95%A0-%ED%95%B4%EB%B4%A4%EC%9D%8C-8GOrvggi,"작성시간
어제"
건강,https://www.teamblind.com/kr/post/%EA%B7%BC%EB%8D%B0-%EB%84%88%EB%84%A4-%E3%84%B9%E3%85%87-%EC%9D%B4%EC%83%81%ED%98%95%EC%9D%B4%EB%9E%91-%EC%97%B0%EC%95%A0-%ED%95%B4%EB%B4%A4%EC%9D%8C-Tg5Jyeii,"작성시간
어제"
건강,https://www.teamblind.com/kr/post/%EB%8B%A8%EB%B0%B1%EC%A7%88-%EC%89%90%EC%9D%B4%ED%81%AC-%EB%AD%98-%EB%A8%B9%EC%96%B4%EC%95%BC-%EB%90%A0%EC%A7%80-%EB%AA%A8%EB%A5%B4%EA%B2%A0%EC%9C%BC%EB%A9%B4-%EB%93%A4%EC%96%B4%EC%99%80%EB%B4%90-Nbk28fny,"작성시간
어제"
건강,https://www.teamblind.com/kr/post/%EC%9D%98%EC%82%AC%ED%98%95%EB%93%A4-%EC%8B%AD%EC%9D%B4%EC%A7%80%EC%9E%A5%EC%97%90-%EC%B2%9C%EC%A2%85%EC%9E%88%EC%9C%BC%EB%A9%B4-%EC%95%94-%EC%9D%BC-%ED%99%95%EB%A5%A0%EC%9D%B4-%EC%9E%88%EC%96%B4%E3%85%A0-QCKaQuG2,"작성시간
어제"
건강,https://www.teamblind.com/kr/post/%EC%A3%BC%EB%A7%90%EC%97%90-%EC%A7%91%EC%97%90%EC%84%9C-%EC%9D%BC%ED%95%98%EB%8A%94-%EC%82%AC%EB%9E%8C-%EB%A7%8E%EC%95%84%EB%AC%B4%EA%B8%89%EC%9E%90%EB%B0%9C%EC%A0%81-yDX8rtiJ,"작성시간
어제"
건강,https://www.teamblind.com/kr/post/%EC%A7%91%EC%97%90%EB%A7%8C-%EC%9E%88%EC%9D%84%EB%95%8C-%EB%A8%B8%EB%A6%AC%EA%B0%90%EA%B3%A0-%ED%97%A4%EC%96%B4-%EC%97%90%EC%84%BC%EC%8A%A4-qAK86O0H,"작성시간
어제"
건강,https://www.teamblind.com/kr/post/%EC%85%80%ED%94%84-%EC%B9%AD%EC%B0%AC-BUscFLrx,"작성시간
어제"
건강,https://www.teamblind.com/kr/post/39%EC%82%B4-%EB%85%B8%EC%B4%9D%EA%B0%81-%EA%B5%AD%EA%B2%B0-%EB%95%A1%EA%B8%B0%EB%8A%94%EB%8D%B0-%EB%8C%80%ED%98%95%EC%97%85%EC%B2%B4-%EC%97%86%EC%9D%8C-tZdYcRbQ,"작성시간
어제"
건강,https://www.teamblind.com/kr/post/%EA%B1%B4%EA%B0%95%EA%B2%80%EC%A7%84-%ED%96%88%EB%8A%94%EB%8D%B0-%EB%A7%9D%ED%95%9C%EA%B1%B0%EC%A7%80-50OeDfCW,"작성시간
어제"
건강,https://www.teamblind.com/kr/post/mri%EB%9E%91-ctl-mri-%EC%B0%A8%EC%9D%B4-VyhrBpgZ,"작성시간
어제"
건강,https://www.teamblind.com/kr/post/%EC%9D%B8%EA%B8%B0%EA%B8%80%EC%97%90-%EB%82%A8%EC%9E%90%EB%8A%94-%EB%8A%99%EC%96%B4%EB%8F%84-%EC%83%9D%EC%8B%9D%EB%8A%A5%EB%A0%A5-%EA%B4%9C%EC%B0%AE%EB%8B%A4%EB%8A%94-%EA%B8%80-%EC%99%9C%EC%9D%B4%EB%A6%AC-%EB%A7%8E%EC%9D%8C-aaFduA2q,"작성시간
어제"
건강,https://www.teamblind.com/kr/post/%EC%9A%94%EC%A6%98-%EC%84%B8%EC%83%81%EC%97%94-%EC%A0%95%EC%8B%A0%EA%B1%B4%EA%B0%95%ED%95%9C-%EC%82%AC%EB%9E%8C%EC%9D%B4-rK4GFKAO,"작성시간
어제"
건강,https://www.teamblind.com/kr/post/%EA%B7%B8%EB%83%A5-%EA%B1%B4%EA%B0%95%ED%95%98%EA%B3%A0-%EB%8F%88-%EC%9E%98%EB%B2%8C%EA%B3%A0-%EA%B0%80%EC%A1%B1%EC%9D%B4%EB%9E%91-%EC%A6%90%EA%B2%81%EA%B2%8C-%EC%82%AC%EB%8A%94%EA%B1%B0-o63gjSUF,"작성시간
어제"
건강,https://www.teamblind.com/kr/post/%EC%9E%90%EC%B7%A8%EB%9F%AC%EB%93%A4-%ED%8F%89%EC%9D%BC%EC%A0%80%EB%85%81-%EC%96%B4%EB%96%BB%EA%B2%8C-%ED%95%B4%EB%A8%B9%EC%96%B4%EC%9A%A9-PrVPWViD,"작성시간
어제"
건강,https://www.teamblind.com/kr/post/%EC%88%A0-%EB%8B%B4%EB%B0%B0-%EC%95%88%ED%95%98%EA%B3%A0-%EC%9A%B4%EB%8F%99-%EB%84%88%EB%AC%B4-%EC%97%B4%EC%8B%AC%ED%9E%88%ED%95%B4%EB%8F%84-%EC%A0%95%EC%8B%A0%EC%9D%B4%EC%83%81%ED%95%9C%EB%93%AF-ouFmE5qi,"작성시간
어제"
건강,https://www.teamblind.com/kr/post/%EC%9A%B4%EB%8F%99%ED%95%98%EB%8A%94-%EC%9D%B4%EC%9C%A0-HSh1SF3A,"작성시간
어제"
건강,https://www.teamblind.com/kr/post/%EC%99%B8%EB%AA%A8%EA%B0%80-%EB%B6%80%EB%AA%A8-%ED%95%9C-%EC%AA%BD-%ED%8C%90%EB%B0%95%EC%9D%B4%EB%A9%B4-%EB%8B%A4%EB%A5%B8-%EB%B6%80%EB%B6%84%EB%8F%84-%EA%B7%B8-%EC%AA%BD-%EB%8B%AE%EC%9D%84-%EA%B2%BD%ED%96%A5%EC%84%B1%EC%9D%B4-%ED%81%B4%EA%B9%8C-6W06yX7j,"작성시간
어제"
건강,https://www.teamblind.com/kr/post/%EC%9D%98%EB%A3%8C%EA%B0%9C%ED%98%81%EC%9D%84-%EB%B6%84%EC%84%9D%ED%95%B4%EB%B3%B4%EC%9E%90-TB6epApt,"작성시간
어제"
건강,https://www.teamblind.com/kr/post/%EC%A2%80-%EB%8D%94%EB%9F%AC%EC%9A%B4-%EB%B0%A9%EB%B2%95%EC%9D%B4%EA%B8%B4-%ED%95%9C%EB%8D%B0-%EB%8B%B9%EB%87%A8-%ED%8C%90%EB%B3%84%EB%B2%95-SmiDMB6D,"작성시간
어제"
건강,https://www.teamblind.com/kr/post/2030-%EB%93%B1%EC%82%B0-%EB%8B%A4%EB%8B%90-%EC%82%AC%EB%9E%8C-KV3zstvM,"작성시간
어제"
건강,https://www.teamblind.com/kr/post/%EC%8B%A0%EC%95%99-%EC%A3%BC%EC%A0%9C%EB%B3%84-%EC%A0%95%EB%A6%AC-1---%EC%8B%AD%EC%9D%BC%EC%A1%B0-DpXPVre3,"작성시간
어제"
건강,https://www.teamblind.com/kr/post/%EA%B5%90%EB%8C%80%EB%9B%B0%EB%8A%94-%EC%95%A0%EB%93%A4%EC%95%84-snBaSu2h,"작성시간
어제"
건강,https://www.teamblind.com/kr/post/1%EB%85%84%EB%A7%8C%EC%97%90-yzYsYh6O,"작성시간
어제"
건강,https://www.teamblind.com/kr/post/%ED%95%A9%EC%9D%98%EA%B8%88-%EC%96%B4%EB%96%A1%ED%95%A0%EA%B9%8C-kuJRkwK4,"작성시간
어제"
건강,https://www.teamblind.com/kr/post/%EB%8B%A4%EC%9D%B4%EC%96%B4%ED%8A%B8%ED%95%98%EB%8A%94%EB%8D%B0-%EB%8F%88%EC%9D%B4-%EB%8D%94-%EB%93%9C%EB%8A%94-%EB%8A%90%EB%82%8C%EC%9D%B4%EC%95%BC-B03TQe14,"작성시간
어제"
건강,https://www.teamblind.com/kr/post/%EB%B2%84%EA%B1%B0%ED%82%B9-%EC%99%80%ED%8D%BC%EC%84%B8%ED%8A%B8-%EA%B1%B4%EA%B0%95%ED%95%98%EA%B2%8C-%EB%A8%B9%EB%8A%94-%EB%B0%A9%EB%B2%95-%EC%97%86%EB%82%98%EC%9A%94-qSmPnEQ0,"작성시간
어제"
건강,https://www.teamblind.com/kr/post/%ED%95%84%EB%9D%BC%ED%85%8C%EC%8A%A4%ED%95%98%EA%B3%A0-%EC%9E%90%EC%84%B8%EA%B0%80-%ED%8E%B4%EC%A0%B8%EC%84%9C-%ED%82%A4%EA%B0%80-%ED%81%AC%EA%B2%8C-%EB%82%98%EC%98%AC%EC%88%98-%EC%9E%87%EB%82%98-tfP3kUmJ,"작성시간
어제"
건강,https://www.teamblind.com/kr/post/%EC%9D%B8%EC%83%9D%EC%9D%80-%EA%B8%B8%EA%B2%8C-%EB%B4%90%EC%95%BC-%ED%95%98%EB%8A%94%EA%B2%83%EA%B0%99%EC%95%84-mubAa4Hi,"작성시간
어제"
건강,https://www.teamblind.com/kr/post/%EC%9D%B4%EB%B2%88-%EC%8D%B8%EB%8F%84-%EB%81%9D%EB%82%9C%EA%B1%B0%EA%B0%99%EC%95%84-DsZ8KXgQ,"작성시간
어제"
건강,https://www.teamblind.com/kr/post/30%EB%8C%80-%EC%A4%91%EB%B0%98-%EC%9D%B4%ED%9B%84-%EB%82%A8%EC%9E%90%EB%93%A4%EC%9D%80-%EA%B1%B4%EA%B0%95%EC%9D%B4-%EC%95%88%EC%A2%8B%EC%9D%80-%EC%82%AC%EB%9E%8C%EB%93%A4%EC%9D%B4-%EB%A7%8E%EC%95%84-YHvniUBn,"작성시간
어제"
건강,https://www.teamblind.com/kr/post/%EA%B1%B4%EA%B0%95%EA%B2%80%EC%A7%84-zfiHGcYB,"작성시간
어제"
건강,https://www.teamblind.com/kr/post/%EA%B3%A0%EC%A7%80%EC%9D%98%EB%AC%B4-%EC%95%84%EB%8B%88%EB%9D%BC%EB%8A%94%EB%8D%B0-%EC%9D%B4%EA%B2%8C-%EB%A7%9E%EC%9D%84%EA%B9%8C%EC%9A%94-7fQ2PWw1,"작성시간
어제"
건강,https://www.teamblind.com/kr/post/%EA%B4%91%EC%A3%BC%EB%8A%94-%EA%B6%81%EC%A0%84%EC%A0%9C%EA%B3%BC%EA%B0%80-%EC%A0%9C%EC%9D%BC-%EC%9C%A0%EB%AA%85%ED%95%B4-E1TA1pJx,"작성시간
어제"
건강,https://www.teamblind.com/kr/post/%EC%9A%94%EC%96%91%EA%B8%89%EC%97%AC-%ED%9A%8C%EC%86%A1%EC%84%9C-%EA%B5%90%EC%88%98%EB%8B%98%EC%9D%B4-%EC%9D%BD%EC%96%B4%EB%B3%B4%EB%82%98%EC%9A%94-tiUQSLyd,"작성시간
2일"
건강,https://www.teamblind.com/kr/post/%EA%B1%B4%EA%B0%95%ED%95%9C-%EC%A1%B0%EC%A0%95%EB%81%9D%EB%82%AC%EA%B3%A0-%EB%8B%A4%EC%8B%9C-%EC%8B%A0%EA%B3%A0%EA%B0%80-%EB%9E%A0%EB%A6%AC-wF5Qy3rH,"작성시간
2일"
건강,https://www.teamblind.com/kr/post/%ED%95%98%EB%82%98%EB%A7%8C-%EB%94%B1-%EB%81%8A%EC%96%B4%EC%95%BC%EB%90%98%EB%A9%B4-t8pmxJWm,"작성시간
2일"
건강,https://www.teamblind.com/kr/post/%EB%B6%80%EB%AA%A8%EB%8B%98-%EB%A7%8C-55%EC%84%B8%EC%9D%B8%EB%8D%B0-QdF60LdG,"작성시간
2일"
건강,https://www.teamblind.com/kr/post/%EC%A7%81%EC%9E%A5%EC%9D%B8%EB%93%A4-%ED%8E%B8%ED%95%98%EA%B2%8C-%EC%9E%AC%EB%B0%8C%EA%B2%8C-%EC%86%8C%EC%86%8C%ED%95%98%EA%B2%8C-%EA%B1%B4%EA%B0%95%ED%95%98%EA%B2%8C-ugFkxLk5,"작성시간
2일"
건강,https://www.teamblind.com/kr/post/%EA%B1%B4%EA%B0%95%ED%95%98%EA%B2%8C-%ED%95%A8%EA%BB%98%ED%95%98%EB%8A%94%EA%B3%B3-cHj6YwX6,"작성시간
2일"
건강,https://www.teamblind.com/kr/post/%EA%B1%B4%EA%B0%95%ED%95%98%EA%B2%8C-%ED%95%A8%EA%BB%98%ED%95%98%EB%8A%94%EA%B3%B3-2PZzcmod,"작성시간
2일"
건강,https://www.teamblind.com/kr/post/%EB%82%AD%EB%A7%8C%EC%97%86%EB%8A%94-%EC%97%AC%EC%9E%90%EC%99%80-%EC%82%AC%EB%8A%94-%EA%B2%83%EC%9D%B4-%EC%9D%B4%EB%A0%87%EA%B2%8C-%EB%B9%84%EA%B7%B9%EC%9D%BC%EC%A7%80-%EB%AA%B0%EB%9E%90%EB%8B%A4-kx8Mdqus,"작성시간
2일"
건강,https://www.teamblind.com/kr/post/%EC%96%B4%EA%B8%88%EB%8B%88-%EB%A0%88%EC%A7%84-vs-%EC%9D%B8%EB%A0%88%EC%9D%B4-RafSv3E3,"작성시간
2일"
건강,https://www.teamblind.com/kr/post/%EA%B8%B0%EB%A0%A5%EC%95%BD%ED%95%98%EC%8B%A0-%EB%B6%84-4Yn8ANtA,"작성시간
2일"
건강,https://www.teamblind.com/kr/post/%ED%9D%A1%EC%97%B0%EC%9D%B4-%EA%B1%B4%EA%B0%95%EC%97%90-%EB%A7%8E%EC%9D%B4-%EC%95%88%EC%A2%8B%EC%9D%80%EA%B0%80-ChrZjSuh,"작성시간
2일"
건강,https://www.teamblind.com/kr/post/%ED%95%9C%EB%A6%BC%EB%8C%80%EB%B3%91%EC%9B%90-%ED%8F%89%EC%B4%8C-%EA%B1%B4%EA%B0%95%EA%B2%80%EC%A7%84-qpU5y6pD,"작성시간
2일"
건강,https://www.teamblind.com/kr/post/%EC%86%94%EC%A7%81%ED%9E%88-%EB%82%A8%EC%9E%90-%EC%9E%85%EC%9E%A5%EC%97%90%EC%84%9C%EB%8A%94-tFfCX5Bx,"작성시간
2일"
건강,https://www.teamblind.com/kr/post/%ED%85%8C%EC%8A%AC%EB%9D%BC-5-%EB%A7%8C-%EB%B9%BC%EC%9E%90-%EA%B1%B4%EA%B0%95%ED%95%9C-%EC%A1%B0%EC%A0%95%EC%9D%84-%EC%9C%84%ED%95%B4-ujpunCoV,"작성시간
2일"
건강,https://www.teamblind.com/kr/post/%EA%B3%B5%EC%9E%A5%ED%98%95-%EA%B1%B4%EA%B0%95%EA%B2%80%EC%A7%84-%EB%B3%91%EC%9B%90-%EA%B4%9C%EC%B0%AE%EC%95%84-BWaLcZE5,"작성시간
2일"
건강,https://www.teamblind.com/kr/post/%EC%82%B4%EC%B0%8C%EB%A0%A4%EB%A9%B4-%EC%95%88%EC%89%AC%EA%B3%A0-%EB%A8%B9%EC%96%B4%EC%95%BC-%ED%95%98%EB%82%98%EC%9A%94-opB3VuHA,"작성시간
2일"
건강,https://www.teamblind.com/kr/post/%EB%82%98-%EC%A0%84%ED%99%94%EC%8B%A0%EC%A0%90-%EB%B3%B4%EB%8A%94%EB%8D%B0-%EB%AD%90%EB%AD%90-%EB%AC%BC%EC%96%B4%EB%B3%BC%EA%B9%8C-MR2QGb2U,"작성시간
2일"
건강,https://www.teamblind.com/kr/post/%EA%B4%91%EC%A3%BC%EC%97%90%EC%84%9C-%EB%B6%80%EB%AA%A8%EB%8B%98%EC%9D%B4-%ED%95%98%EC%8B%9C%EB%8A%94-%EB%96%A1%EA%B0%88%EB%B9%84-%EC%B9%B4%EB%A0%88%EB%8F%88%EA%B0%80%EC%8A%A4%E2%80%BC%EF%B8%8F-x6aGCNS8,"작성시간
2일"
건강,https://www.teamblind.com/kr/post/%EA%B1%B4%EA%B0%95%EA%B2%80%EC%A7%84%ED%95%9C%EB%8B%A4%EA%B3%A0-%ED%94%BC-5%ED%86%B5-%EB%BD%91%EC%95%98%EB%8A%94%EB%8D%B0-ffWmWMVU,"작성시간
2일"
건강,https://www.teamblind.com/kr/post/%EC%B6%9C%EC%82%B0%EC%9C%A8-06%EC%9D%98-%ED%8C%A9%ED%8A%B8%EB%8A%94-%ED%95%9C%EA%B5%AD%EC%9D%B4-%EA%B1%B4%EA%B0%95%ED%95%B4%EC%A7%80%EA%B3%A0-%EC%9E%88%EB%8B%A4%EB%8A%94%EA%B2%83%EC%9E%84-yFhTbcbb,"작성시간
2일"
건강,https://www.teamblind.com/kr/post/%EC%98%AC%ED%95%B4%EB%8A%94-%EC%97%B0%EC%95%A0-%ED%95%A0-%EC%88%98-%EC%9E%88%EC%9D%84%EA%B9%8C-RMcxyrTj,"작성시간
2일"
건강,https://www.teamblind.com/kr/post/AI%EA%B0%80-%EC%83%9D%EA%B0%81%ED%95%98%EB%8A%94-%EC%9D%B8%EA%B0%84%EC%9D%98-%EB%82%98%EC%81%9C-%EB%A9%B4-Ra1vSyTN,"작성시간
2일"
건강,https://www.teamblind.com/kr/post/%EB%8C%80%EA%B5%AC%EC%B0%BD%EC%9B%90-%EA%B2%BD%EB%82%A8%EB%B6%80%EC%82%B0-%EA%B3%A0%EC%96%91%EC%9D%B4-%EC%9E%85%EC%96%91-%ED%95%98%EC%8B%A4%EB%B6%84-hrFbk6OO,"작성시간
2일"
건강,https://www.teamblind.com/kr/post/%EA%B1%B4%EA%B0%95%EA%B2%80%EC%A7%84-%ED%9B%84-%EB%B3%B4%ED%97%98%EA%B0%80%EC%9E%84-HnYSqSGd,"작성시간
2일"
건강,https://www.teamblind.com/kr/post/%EA%B7%B8%EB%9E%98%EB%8F%84-%EC%98%A4%EC%9D%BC%ED%8C%8C%EC%8A%A4%ED%83%80%EA%B0%80-%ED%8C%8C%EC%8A%A4%ED%83%80-%EC%A4%91%EC%97%94-%EC%A0%9C%EC%9D%BC-%EA%B1%B4%EA%B0%95%ED%95%9C-%EA%B1%B0-%EC%95%84%EB%8B%90%EA%B9%8C-65YAJO0B,"작성시간
2일"
건강,https://www.teamblind.com/kr/post/%EC%8C%88%EB%BD%95%ED%95%9C-%EA%B2%BD%EA%B8%B0%EB%82%A8%EB%B6%80-%EB%AA%A8%EC%9E%84-%EC%9D%B8%EC%A6%9D%EC%97%86%EC%96%B4-2RbSdJBs,"작성시간
2일"
건강,https://www.teamblind.com/kr/post/%ED%9A%8C%EC%82%AC-%EA%B1%B4%EA%B0%95%EA%B2%80%EC%A7%84%EC%9D%80-%EA%B3%A0%EC%A7%80%EC%82%AC%ED%95%AD%EC%9D%B4-%EC%95%84%EB%8B%8C%EA%B0%80%EC%9A%94-UmDUNHKa,"작성시간
2일"
건강,https://www.teamblind.com/kr/post/%EC%9E%90%EA%B8%B0%EA%B4%80%EB%A6%AC%ED%95%98%EB%8A%94%EC%82%AC%EB%9E%8C%EC%9D%B4-%EC%B5%9C%EA%B3%A0%EC%9E%84-pXadiQ7m,"작성시간
2일"
건강,https://www.teamblind.com/kr/post/%EB%B3%B4%ED%97%98-%EA%B0%80%EC%9E%85%ED%95%98%EB%A0%A4%EB%8A%94%EB%8D%B0-%EA%B1%B8%EB%A6%BC%EB%8F%8C%EC%9D%B4-c4Ov5vVA,"작성시간
2일"
건강,https://www.teamblind.com/kr/post/%F0%9F%A9%B5-%EB%8C%80%EC%A0%84-%EC%9D%B4%EC%83%89%EC%B7%A8%EB%AF%B8-%EC%B6%94%EC%B2%9C-%F0%9F%A9%B5-HfFkYV5k,"작성시간
2일"
건강,https://www.teamblind.com/kr/post/%EC%95%84%EB%A0%A8%ED%95%9C-20%EB%8C%80-%EC%B4%88%EB%B0%98-%EA%B2%BD%EC%B0%B0%EC%9D%B4%EB%9E%91-%EC%97%B0%EC%95%A0%ED%95%9C-%EC%8D%B0-ORimkBAm,"작성시간
2일"
건강,https://www.teamblind.com/kr/post/%EC%9C%A0%EC%82%B0-%ED%9B%84-%EC%9E%84%EC%8B%A0-10%EC%A3%BC%EC%B0%A8-%EB%AA%B8%EC%97%90%EC%A2%8B%EC%9D%80-%EC%84%A0%EB%AC%BC-%EC%B6%94%EC%B2%9C-HrH5U7RT,"작성시간
2일"
건강,https://www.teamblind.com/kr/post/%EB%B3%B4%ED%97%98%EA%B0%80%EC%9E%85-%EC%8B%9C-%EB%8B%A8%EC%B2%B4%EC%8B%A4%EB%B9%84-%EC%B2%AD%EA%B5%AC%EC%9D%B4%EB%A0%A5-O0MBKCXt,"작성시간
2일"
건강,https://www.teamblind.com/kr/post/%ED%9A%8C%EC%82%AC-%EB%8B%A4%EB%8B%88%EB%8A%94%EA%B2%8C-%EB%84%98%EC%A2%8B%EC%9D%8C-ifRnfBi6,"작성시간
2일"
건강,https://www.teamblind.com/kr/post/2%EB%85%84%EC%A7%B8-%EB%82%9C%EC%9E%84%EC%9D%B8%EB%8D%B0-%EA%B3%A0%EB%AF%BC%EC%9D%B4-%EB%A7%8E%EC%95%84%EC%9A%94-%EC%B0%B8%EA%B2%AC-%ED%95%B4-%EC%A3%BC%EC%8B%A4-%EB%B6%84-hb1B1SkS,"작성시간
2일"
건강,https://www.teamblind.com/kr/post/%EC%A0%90%EB%A9%94%EC%B6%94-%ED%95%B4%EC%A4%98-657QJwN8,"작성시간
2일"
건강,https://www.teamblind.com/kr/post/%EB%A7%88%EC%9D%B4%EC%8A%A4%ED%84%B0%EA%B3%A0-%EC%84%A0%ED%83%9D-%EA%B7%B8%EB%A6%AC%EA%B3%A0-10%EB%85%84-%EB%92%A4-%EC%98%A4%EB%8A%98-Wz2q75Tf,"작성시간
2일"
건강,https://www.teamblind.com/kr/post/%ED%8C%A9%ED%8A%B8%EB%8A%94-%ED%85%8C%EC%8A%AC%EB%9D%BC%EA%B0%80-%EA%B1%B4%EA%B0%95%ED%95%B4%EC%A7%80%EB%8A%94-%EC%A4%91%EC%9D%B4%EB%9D%BC%EB%8A%94%EA%B1%B0%EC%9E%84-NWnOHPJL,"작성시간
2일"
건강,https://www.teamblind.com/kr/post/%ED%85%8C%EC%9D%B4%ED%95%91%ED%95%98%EB%8A%94%EA%B1%B0-%EC%A7%84%EC%A7%9C-%EA%B3%A0%EC%97%AD%EC%9D%B4%EB%8B%A4-wTd6KOcF,"작성시간
2일"
건강,https://www.teamblind.com/kr/post/%EA%B1%B4%EA%B0%95%EA%B4%80%EB%A6%AC-%EC%B0%A8%EC%9B%90%EC%97%90%EC%84%9C-%EB%8B%B9%EA%B4%80%EB%A6%AC-%ED%95%98%EA%B3%A0-%EC%9E%88%EB%8A%94%EB%8D%B0-k3v4kvJp,"작성시간
2일"
건강,https://www.teamblind.com/kr/post/%EB%8B%A4%EB%93%A4-%EB%B3%B4%ED%97%98-%EC%A7%80%EC%B6%9C-%EC%96%BC%EB%A7%88%EB%82%98-%EB%82%B4-kBOEUyBm,"작성시간
2일"
건강,https://www.teamblind.com/kr/post/21%EA%B8%B0-%ED%98%84%EC%88%99%EC%9D%B4-%EC%9A%95-%EC%97%84%EC%B2%AD-%EB%A8%B9%EA%B3%A0-%EC%9E%88%EB%8A%94%EA%B1%B0-%EA%B0%99%EC%9D%80%EB%8D%B0-AuBGojSz,"작성시간
2일"
건강,https://www.teamblind.com/kr/post/%EB%85%B8%EC%82%B0%EC%9D%B4%EB%AC%B8%EC%A0%9C%EB%8B%A4-PuftTRPw,"작성시간
2일"
건강,https://www.teamblind.com/kr/post/%EB%B3%91%EC%9B%90%EC%97%90%EB%8F%84-%EC%A7%84%EC%83%81%EC%9D%B4-%EC%9E%88%EA%B5%AC%EB%82%98-gC144j7P,"작성시간
2일"
건강,https://www.teamblind.com/kr/post/34%EC%82%B4%EC%9D%B8%EB%8D%B0-%EA%B1%B4%EA%B0%95%EA%B2%80%EC%A7%84-%EA%B2%B0%EA%B3%BC-%EC%9D%B4%EA%B1%B0-%EB%A7%9E%EB%82%98%EC%9A%94-AveM6YBV,"작성시간
2일"
건강,https://www.teamblind.com/kr/post/%ED%98%B9%EC%8B%9C-%EB%8F%85%EC%84%9C%EB%AA%A8%EC%9E%84-%EC%B0%BE%EA%B3%A0-%EA%B3%84%EC%8B%A0%EB%B6%84%EB%93%A4-y1qqsqtO,"작성시간
2일"
건강,https://www.teamblind.com/kr/post/%EC%9D%B4%EA%B1%B0-%EC%96%B4%EC%A7%B8%EC%95%BC%ED%95%A8-iqgDUs12,"작성시간
2일"
건강,https://www.teamblind.com/kr/post/%EB%8B%A4%EC%9D%B4%EC%96%B4%ED%8A%B8-%ED%95%98%EB%A9%B4%EC%84%9C-%EA%B3%A8%EA%B2%A9%EA%B7%BC-%EC%95%88%EB%B9%A0%EC%A7%80%EB%8A%94%EC%82%AC%EB%9E%8C-%EC%A7%84%EC%A7%9C%EB%8C%80%EB%8B%A8%ED%95%98%EB%8B%A4-FyxU2seY,"작성시간
2일"
건강,https://www.teamblind.com/kr/post/%EC%9D%B8%EC%83%9D-%EA%B1%B1%EC%A0%95-82VHoWz4,"작성시간
2일"
건강,https://www.teamblind.com/kr/post/%ED%98%B8%EC%97%B0-%EC%87%BC%EC%BC%80%EC%9D%B4%EC%8A%A4-%EB%8F%99%EC%98%81%EC%83%81%EB%B3%B4%EA%B3%A0-%EB%8A%90%EB%82%80%EC%A0%90-qiPdOdp7,"작성시간
2일"
건강,https://www.teamblind.com/kr/post/%EB%B8%94%EB%9D%BC%EB%8B%88%EA%B9%8C-%EC%9A%A9%EA%B8%B0%EB%82%B4%EC%84%9C-%EB%AC%BC%EC%96%B4%EB%B3%BC%EA%B2%8C-KP6eg8dM,"작성시간
2일"
건강,https://www.teamblind.com/kr/post/%EC%96%B4%EB%96%A4-%EC%A7%81%EC%A2%85%EC%9D%B4%EB%93%A0-%EB%8B%A4-%EA%B7%B8%EB%9F%B0%EA%B1%B0%EC%A7%80-LjXTxLpR,"작성시간
2일"
건강,https://www.teamblind.com/kr/post/%EA%B1%B4%EA%B0%95%ED%95%9C-%EC%A1%B0%EC%A0%95-%EA%B0%80%EC%A6%88%EC%95%84-hByaXyDT,"작성시간
2일"
건강,https://www.teamblind.com/kr/post/%ED%97%88%EC%95%BD%EC%B2%B4%EC%A7%88%EC%9D%B8%EB%8D%B0-%EC%9E%84%EC%8B%A0%EB%90%98%EC%8B%A0%EB%B6%84%EB%93%A4-%EA%B3%84%EC%8B%A0%EA%B0%80%EC%9A%94-tOQocBev,"작성시간
2일"
건강,https://www.teamblind.com/kr/post/36%EC%A3%BC-%EB%82%99%ED%83%9C%EA%B0%80-%EB%B6%88%EB%B2%95%EC%9D%B4%EB%83%90-%ED%95%A9%EB%B2%95%EC%9D%B4%EB%83%90-%EB%AD%90%EA%B0%80-%EC%A4%91%EC%9A%94%ED%95%B4-csff18Yf,"작성시간
3일"
건강,https://www.teamblind.com/kr/post/%EC%9D%B8%EC%8A%A4%ED%83%80-%EB%B3%B4%EB%8B%A4%EA%B0%80-%EC%95%8C%EA%B2%8C%EB%90%9C%EA%B2%8C-%EC%98%A4%ED%83%80%EC%BF%A0%EC%9D%B8%EB%8D%B0-%ED%97%AC%EC%B0%BD%EC%9D%B8-%EB%82%A8%EC%9E%90%EB%8A%94-%EC%9E%88%EC%96%B4%EB%8F%84-%EC%98%A4%ED%83%80%EC%BF%A0%EC%9D%B8%EB%8D%B0-%ED%97%AC%EC%B0%BD%EC%9D%B8-%EC%97%AC%EC%9E%90%EB%8A%94-%EC%97%86%EB%84%A4%E3%85%8B%E3%85%8B-dLR3WgK5,"작성시간
3일"
건강,https://www.teamblind.com/kr/post/%EA%B0%95%EC%95%84%EC%A7%80-%EC%A2%85%EC%96%91%EC%A0%9C%EA%B1%B0%EC%88%98%EC%88%A0-%ED%9B%84-%EC%A1%B0%EC%A7%81%EA%B2%80%EC%82%AC-%EA%B4%80%EB%A0%A8%ED%95%B4%EC%84%9C-RQoOogRp,"작성시간
3일"
건강,https://www.teamblind.com/kr/post/%EC%99%80%EC%9D%B8%EC%9D%80-%EC%82%B4-%EC%95%88-%EC%B0%94%EA%B1%B0%EC%95%BC-yvSci2Oj,"작성시간
3일"
건강,https://www.teamblind.com/kr/post/%EB%8F%88-%EC%9A%95%EC%8B%AC-zFMiBuGo,"작성시간
3일"
건강,https://www.teamblind.com/kr/post/%EB%8B%AD%EA%B0%80%EC%8A%B4%EC%82%B4-%EB%8D%B0%EC%9B%8C%EB%A8%B9%EA%B8%B0-%EC%8B%AB%EC%9D%84%EB%95%8C-%EB%8B%A8%EB%B0%B1%EC%A7%88-%EB%AD%90%EB%A8%B9%EC%96%B4-Wdo5XVQD,"작성시간
3일"
건강,https://www.teamblind.com/kr/post/%EC%8B%9C%EB%8C%81%EC%B9%9C%EC%A0%95%EC%97%90-%EC%A0%84%ED%99%94-%EC%9E%90%EC%A3%BC%ED%95%B4-e0AovMBa,"작성시간
3일"
건강,https://www.teamblind.com/kr/post/%EC%9A%B4%EB%8F%99%EA%B3%BC-%EC%9D%B4%EB%AA%85-APtZXg5b,"작성시간
3일"
건강,https://www.teamblind.com/kr/post/%EC%98%86%EC%A7%91%EC%97%90%EC%84%9C-%ED%95%98%EB%A3%A8%EC%A2%85%EC%9D%BC-%EC%9D%B4%EB%9F%B0-%EA%B8%B0%EC%B9%A8-%ED%95%98%EB%8A%94%EB%8D%B0-5CDjtisO,"작성시간
3일"
건강,https://www.teamblind.com/kr/post/%EA%B0%91%EC%83%81%EC%84%A0-%EC%95%94%ED%99%98%EC%9E%90%EB%8F%84-%ED%8F%89%EB%B2%94%ED%95%98%EA%B2%8C-%EC%82%B4-%EC%88%98-%EC%9E%88%EA%B2%A0%EC%A3%A0-k6PHkztW,"작성시간
3일"
건강,https://www.teamblind.com/kr/post/%ED%98%84%EC%9E%AC-%EC%A7%81%EB%A9%B4%ED%95%9C-%EC%B6%9C%EC%82%B0-%EB%93%B1%EC%9D%98-%EC%9C%84%EA%B8%B0%EC%97%90-%EC%A0%9C%EC%9D%BC-%EC%A0%81%EC%A0%88%ED%95%9C-%EB%B0%A9%EB%B2%95%EC%9D%80-JjH7wTnN,"작성시간
3일"
건강,https://www.teamblind.com/kr/post/%EC%98%A4%EB%8A%98%EB%8F%84-%EB%B6%80%EC%82%B0%EC%A7%80%EC%97%AD-%EC%A0%95%EC%83%81%EC%9D%B8-%EC%9A%B4%EB%8F%99%EB%AA%A8%EC%9E%84-%EB%AA%A8%EC%A7%91%EC%A4%91-y3C4FXqn,"작성시간
3일"
건강,https://www.teamblind.com/kr/post/%EC%B8%8C%EA%B7%BC-%EC%A0%84-%EB%82%A0-%EC%B1%84%EC%9A%A9-%EC%B7%A8%EC%86%8C-%ED%86%B5%EB%B3%B4-ohRH8vCW,"작성시간
3일"
건강,https://www.teamblind.com/kr/post/%EA%B0%95%EC%95%84%EC%A7%80-%EC%9D%8C%EC%8B%9D-%EA%B6%81%EA%B8%88%ED%95%A8-3jjOg4FC,"작성시간
3일"
건강,https://www.teamblind.com/kr/post/%EC%8A%A4%EB%A7%88%ED%8A%B8%EC%9B%8C%EC%B9%98-%EC%99%9C-%EC%94%80-C4U06ynP,"작성시간
3일"
건강,https://www.teamblind.com/kr/post/%ED%83%88%EB%AA%A8%EC%9D%B8-%EB%8C%80%EB%8F%99%EB%8B%A8%EA%B2%B0-WYgDXsAs,"작성시간
3일"
건강,https://www.teamblind.com/kr/post/%EC%9A%B0%EB%A6%AC%EB%82%98%EB%9D%BC%EC%97%90-%EB%A7%88%EC%9D%8C%EC%9D%B4-%EC%95%84%ED%94%88-%EC%82%AC%EB%9E%8C%EC%9D%B4-%EB%A7%8E%EC%9D%80%EA%B0%80-kncpvKg7,"작성시간
3일"
건강,https://www.teamblind.com/kr/post/3040-%EC%A7%81%EC%9E%A5%EC%9D%B8-%EB%AA%A8%EC%9E%84-%EC%B0%9C%EC%A7%88%EB%B0%A9-%EB%AA%A8%EC%A7%91%ED%95%A9%EB%8B%88%EB%8B%A4-VX6WqpzV,"작성시간
3일"
건강,https://www.teamblind.com/kr/post/%EC%9C%84%EB%82%B4%EC%8B%9C%EA%B2%BD%EB%8C%80%EC%9E%A5%EB%82%B4%EC%8B%9C%EA%B2%BD-%EC%A0%80%EB%A0%B4%ED%95%9C%EA%B3%B3%EA%B0%80%EB%8F%84-%EA%B4%9C%EC%B0%AE%EB%82%98%EC%9A%94-mhWiwyp0,"작성시간
3일"
건강,https://www.teamblind.com/kr/post/%EA%B1%B0%EC%9D%98-%EB%A7%A4%EC%9D%BC-%ED%95%98%EC%9D%B4%EB%B3%BC-%ED%95%9C%EC%BA%94%ED%95%98%EA%B3%A0-%EC%9E%90%EB%8A%94%EB%8D%B0-%EA%B1%B4%EA%B0%95%EC%97%90-%EC%A7%80%EC%9E%A5%EC%9E%88%EC%9D%84%EA%B9%8C-aZU7VT6k,"작성시간
3일"
건강,https://www.teamblind.com/kr/post/%EA%B8%89%EC%B0%90%EC%82%B4-3kg-8DHrWFJa,"작성시간
3일"
건강,https://www.teamblind.com/kr/post/%EC%9D%B4%EC%A7%81-%ED%87%B4%EC%82%AC-%ED%86%B5%EB%B3%B4-uAuSyFcD,"작성시간
3일"
건강,https://www.teamblind.com/kr/post/%EC%A0%90%EB%A9%94%EC%B6%94%ED%95%B4%EC%A4%98-1VA8ax5k,"작성시간
3일"
건강,https://www.teamblind.com/kr/post/%EC%9A%B0%EB%A6%AC-%ED%9A%8C%EC%82%AC-%EC%97%B0%EB%B4%89%EC%9D%80-%EB%95%85-%EB%81%9D-%EB%A7%88%EC%9D%84-%ED%95%A0%EB%A7%A4%EB%8B%88%EB%93%A4%EB%8F%84-%EC%95%8C%EB%93%AF-s3XkvNuo,"작성시간
3일"
건강,https://www.teamblind.com/kr/post/%EC%98%A4%EB%9E%9C%EB%A7%8C%EC%97%90-%EC%A1%B0%EC%85%89%EB%B6%93%EC%86%8C-%EC%B0%AC%EC%96%91-%EC%BB%A4%EB%B2%84-%EB%93%A3%EB%8A%94%EB%8D%B0-%EB%84%98-%EC%8B%A0%EB%82%98%EA%B3%A0-%EC%A2%8B%EB%8B%B9-J4MCFJgb,"작성시간
3일"
건강,https://www.teamblind.com/kr/post/%EC%95%84%EB%82%B4%ED%95%9C%ED%85%8C-%EC%8B%9D%ED%8C%90-%EC%B0%8D%EC%96%B4%EB%B3%B4%EB%82%B4%EB%8A%94-%EB%82%A8%ED%8E%B8-%EC%8B%AC%EB%A6%AC-Ffb8SUVe,"작성시간
3일"
건강,https://www.teamblind.com/kr/post/%EC%8B%9C%EC%97%90%EC%84%9C-%EC%9A%B4%EB%8F%99%EC%9D%84-%EB%AA%BB%ED%95%98%EA%B2%8C%ED%95%A9%EB%8B%88%EB%8B%A4-E4KArNZK,"작성시간
3일"
건강,https://www.teamblind.com/kr/post/%EA%B1%B4%EA%B0%95%EA%B2%80%EC%A7%84-%EA%B3%B5%EB%B3%B5%ED%98%88%EB%8B%B9-100%EB%82%98%EC%99%94%EB%8A%94%EB%8D%B0-K83PbywK,"작성시간
3일"
건강,https://www.teamblind.com/kr/post/%EA%B5%B6%EC%96%B4%EC%84%9C-%EB%B9%BC%EA%B8%B0-MsLUj1ZM,"작성시간
3일"
건강,https://www.teamblind.com/kr/post/%EB%B3%B4%ED%97%98%EA%B4%80%EB%A0%A8-%EB%AC%B8%EC%9D%98%EB%93%9C%EB%A6%BD%EB%8B%88%EB%8B%B9-heS5q8yE,"작성시간
3일"
건강,https://www.teamblind.com/kr/post/%EC%96%B4%EC%A0%9C-%EA%B0%A4%EB%9F%AD%EC%8B%9C-%EC%96%B8%ED%8C%A9%EB%B3%B4%EA%B3%A0-%EB%8A%90%EB%82%80-%EC%A7%80%EA%B7%B9%ED%9E%88-%EA%B0%9C%EC%9D%B8%EC%A0%81%EC%9D%B8-%EC%83%9D%EA%B0%81-68TMWWy7,"작성시간
3일"
건강,https://www.teamblind.com/kr/post/%EA%B1%B4%EA%B0%95%EB%B3%B4%ED%97%98%EB%A3%8C-9%EB%B0%B1-%EB%82%98%EC%99%94%EB%8B%A4-RyObUPkU,"작성시간
3일"
건강,https://www.teamblind.com/kr/post/%EC%A7%81%EC%9E%A5%EC%9D%B8-%EC%B7%A8%EB%AF%B8%EC%83%9D%ED%99%9C-3040-%EC%A7%81%EC%9E%A5%EC%9D%B8-%EB%AA%A8%EC%9E%84-%EC%B0%9C%EC%A7%88%EB%B0%A9-%EB%AA%A8%EC%A7%91%ED%95%A9%EB%8B%88%EB%8B%A4-O3mHbTYO,"작성시간
3일"
건강,https://www.teamblind.com/kr/post/%EC%A7%84%EC%A7%9C-%EA%B6%81%EA%B8%8830%EB%8C%80-%EC%A4%91%EB%B0%98-%EC%9D%B4%EC%83%81-%EB%AF%B8%ED%98%BC%EC%9D%B8-%EB%88%84%EB%82%98%EB%93%A4-3DNjCePY,"작성시간
3일"
건강,https://www.teamblind.com/kr/post/%EB%82%98-%EA%B1%B4%EA%B0%95%ED%95%98%EA%B2%8C-%EC%82%B4%EA%B3%A0%EC%9E%88%EA%B5%AC%EB%82%98-M6Q8zbZK,"작성시간
3일"
건강,https://www.teamblind.com/kr/post/%EB%82%A8%EC%9E%90%EB%B6%84%EB%93%A4-%ED%99%94%EC%9E%A5%EC%8B%A4-%ED%95%A8%ED%9D%A5%EC%B0%A8%EC%82%AC%EC%9D%B8%EA%B1%B0%EC%9A%94-z5YUjSFV,"작성시간
3일"
건강,https://www.teamblind.com/kr/post/%EB%82%98%EC%A0%95%EB%8F%84%EB%A9%B4-%EA%B1%B4%EA%B0%95%EA%B4%80%EB%A6%AC-%E3%85%85%E3%85%8C%E3%85%8A-%EC%9D%B8%EC%A0%95-UXhU57aO,"작성시간
3일"
건강,https://www.teamblind.com/kr/post/%EC%9D%98%EC%82%AC%EC%83%98%EB%93%A4%EB%B4%90%EC%A3%BC%EC%84%B8%EC%9A%94-nzO8dh6u,"작성시간
3일"
건강,https://www.teamblind.com/kr/post/%ED%95%9C%EC%B0%BD-%ED%9E%98%EB%93%A4%EC%97%88%EC%9D%84%EB%95%8C-%EA%B9%A8%EB%8B%AC%EC%9D%8C%ED%96%89%EB%B3%B5%ED%9A%8C%EB%A1%9C-1HVjBcP2,"작성시간
3일"
건강,https://www.teamblind.com/kr/post/%EB%B3%B8%EC%9D%B8%EC%9D%B4-%EC%9E%90%EC%A1%B4%EA%B0%90-%EA%B1%B4%EA%B0%95%ED%95%98%EB%8B%A4%EA%B3%A0-%EB%8A%90%EB%81%BC%EB%8A%94-%EC%82%AC%EB%9E%8C-Ug27yJig,"작성시간
3일"
건강,https://www.teamblind.com/kr/post/%EC%9A%B0%EB%A6%AC%EA%B0%80-%EB%82%98%EC%9D%B4%EA%B0%80-%EB%93%A4%EB%A9%B4-%EA%B7%B8%EB%95%8C%EC%AF%A4%EC%97%94-%EC%95%88%EB%9D%BD%EC%82%AC-Ti0USK3U,"작성시간
4일"
건강,https://www.teamblind.com/kr/post/%EA%B1%B4%EA%B0%95%EB%B3%B4%ED%97%98%EA%B3%B5%EB%8B%A8-%EB%B9%84%EC%9C%84%ED%96%89%EC%9C%84-%EC%A0%9C%EB%B3%B4-veKiARDY,"작성시간
4일"
건강,https://www.teamblind.com/kr/post/%EC%95%8C%ED%8A%B8%EB%9D%BC-%EC%A3%BC%EB%AA%A9%ED%95%B4%EB%9D%BC-OQ2ZHcJC,"작성시간
4일"
건강,https://www.teamblind.com/kr/post/%EC%9E%90%EA%B8%B0%EA%B4%80%EB%A6%AC-%EC%95%88%ED%95%98%EB%8A%94-%EB%82%A8%ED%8E%B8-%EB%95%9C%EC%97%90-%EC%8A%A4%ED%8A%B8%EB%A0%88%EC%8A%A4-%EB%84%88%EB%AC%B4-%EB%B0%9B%EB%8A%94%EB%8D%B0-%ED%95%98%EC%86%8C%EC%97%B0%ED%95%A0-%EA%B3%B3%EC%9D%B4-%EC%97%86%EC%96%B4%EC%84%9C-%EB%81%84%EC%A0%81-v4eBTk27,"작성시간
4일"
건강,https://www.teamblind.com/kr/post/%EC%B5%9C%ED%95%A9-%ED%9B%84-%EC%9E%85%EC%82%AC%EA%B9%8C%EC%A7%80-GBmb33jy,"작성시간
4일"
건강,https://www.teamblind.com/kr/post/%ED%8A%B8%EB%A0%88%EC%9D%B4%EB%84%88%EB%B3%B4%EA%B3%A0-PT%EB%81%8A%EC%97%88%EB%8A%94%EB%8D%B0-%EA%B7%B8%EB%A7%8C%EB%91%94%EB%8C%80-jBjwDE5p,"작성시간
4일"
건강,https://www.teamblind.com/kr/post/%EB%8F%8C%ED%83%91%EA%B3%BC-%EC%97%90%EB%B2%A4%EC%97%90%EC%85%80-e8x7wtnS,"작성시간
4일"
건강,https://www.teamblind.com/kr/post/%EC%95%99%EB%B2%84%ED%84%B0-%EB%A7%8E%EC%9D%B4-%EB%A8%B9%EC%A7%80-%EB%A7%88-WnjLs3Na,"작성시간
4일"
건강,https://www.teamblind.com/kr/post/%EA%B3%A0%EA%B0%9D%ED%95%9C%ED%85%8C%EA%B9%8C%EC%A7%80-%EA%B0%80%EC%8A%A4%EB%9D%BC%EC%9D%B4%ED%8C%85-%EB%8B%B9%ED%95%98%EB%8B%88-CtQCD47D,"작성시간
4일"
건강,https://www.teamblind.com/kr/post/%EB%B0%94%EB%8B%A4%EC%97%90%EC%84%9C-%EB%A7%89-%EC%9E%A1%EC%9D%80-%EC%8B%A0%EC%84%A0%ED%95%9C-%EB%A7%9B-PJNOCQqF,"작성시간
4일"
건강,https://www.teamblind.com/kr/post/%EC%96%B4%EB%A5%B8%EB%93%A4-%EB%A7%90%EC%94%80-%ED%8B%80%EB%A6%B0%EA%B1%B0-%EC%97%86%EB%8B%A4-Jy8xfnXS,"작성시간
4일"
건강,https://www.teamblind.com/kr/post/%EC%A0%95%EA%B4%80%EC%9E%A5-%ED%99%94%EC%95%A0%EB%9D%BD-%ED%8C%94%EC%95%84%EC%9A%94-%EC%9D%B4%EC%A0%9C-%EA%B1%B4%EA%B0%95%EC%8B%9D%ED%92%88-%EA%B1%B0%EB%9E%98%EA%B0%80%EB%8A%A5-RSKCa8Y1,"작성시간
4일"
건강,https://www.teamblind.com/kr/post/%EB%A7%A4%EC%9D%BC-%EC%99%80%EC%9D%B8-300ml-Cmm2uFsR,"작성시간
4일"
건강,https://www.teamblind.com/kr/post/T%EB%93%A4%EC%9D%98-%EC%95%A0%EC%A0%95%ED%91%9C%ED%98%84-2qUE4SUm,"작성시간
4일"
건강,https://www.teamblind.com/kr/post/30%EC%A4%91%EB%B0%98%EB%B6%80%ED%84%B4-%EA%B1%B4%EA%B0%95%EA%B4%80%EB%A6%AC%EB%A1%9C-%EC%8A%A4%EC%BC%80%EC%A5%B4%EB%B9%A1%EC%84%B8%EB%8B%A4-MRFVxJS0,"작성시간
4일"
건강,https://www.teamblind.com/kr/post/%EB%82%A8%EC%84%B1%ED%98%B8%EB%A5%B4%EB%AA%AC-%EC%88%98%EC%B9%98-%EB%86%92%EC%9C%BC%EB%A9%B4-%ED%83%88%EB%AA%A8%EC%98%A4%EB%82%98-L2MBZTJA,"작성시간
4일"
건강,https://www.teamblind.com/kr/post/%EC%8B%A0%EB%B3%91-%EA%B7%B8%EB%9F%B0%EA%B1%B0-%EA%B2%AA%EC%96%B4%EB%B3%B8-%EC%82%AC%EB%9E%8C-%EC%9E%88%EC%96%B4-bLCX4ZEg,"작성시간
4일"
건강,https://www.teamblind.com/kr/post/%EC%9D%98%EB%A3%8C%EB%B9%84%EA%B0%80-%EB%B9%84%EC%8B%B8%EC%A7%88%EA%B1%B0%EB%8A%94-%EB%BB%94%ED%95%9C-%EB%AF%B8%EB%9E%98%EC%9D%B8%EB%8D%B0-WL8GKQoH,"작성시간
4일"
건강,https://www.teamblind.com/kr/post/%EC%88%98%EB%8F%84%EA%B6%8C-%EB%AA%A8%EC%9E%84%EB%B0%A9-%F0%9F%92%AA%F0%9F%8F%BF-%F0%9F%94%A5-NFfWdMaT,"작성시간
4일"
건강,https://www.teamblind.com/kr/post/%EC%85%80%EC%86%8C-%ED%95%B4%EB%B4%85%EB%8B%88%EB%8B%A4-OQ0HEzBQ,"작성시간
4일"
건강,https://www.teamblind.com/kr/post/%EC%9D%B4%EB%9F%B4-%EB%95%8C-%EB%82%B4-%EC%84%B1%EA%B2%A9%EC%9D%B4-%EB%B6%80%EB%9F%BD%EB%8B%A4%EB%8A%94-%EB%82%A8%ED%8E%B8-O0mUTcxD,"작성시간
4일"
건강,https://www.teamblind.com/kr/post/%EC%B9%98%EB%A7%A4%EC%95%BD-%EB%93%9C%EC%8B%9C%EA%B3%A0-%EC%A6%9D%EC%83%81%EC%9D%B4-%EC%8B%AC%ED%95%B4%EC%A7%80%EA%B8%B0%EB%8F%84-%ED%95%98%EB%82%98-STw2tSWB,"작성시간
4일"
건강,https://www.teamblind.com/kr/post/2030-%EB%93%B1%EC%82%B0-%EB%8B%A4%EB%8B%90-%EC%82%AC%EB%9E%8C-XGQs2auJ,"작성시간
4일"
건강,https://www.teamblind.com/kr/post/%EA%B1%B4%EA%B0%95%ED%95%9C-%EC%9D%B8%ED%94%84%ED%94%BC%EB%8A%94-%EB%A0%88%EC%96%B4%ED%85%9C%EC%9E%84-FhmVA3YO,"작성시간
4일"
건강,https://www.teamblind.com/kr/post/%EA%B1%B4%EA%B0%95%EA%B2%80%EC%A7%84-%EC%9A%A9%EC%A2%85-%EC%A0%9C%EA%B1%B0-%ED%9B%84-%EC%98%A4%EB%8A%98-%EC%9A%B4%EB%8F%99%ED%95%98%EC%A7%80%EB%A7%90%EB%9D%BC%EB%8A%94-%EC%9D%98%EC%82%AC-ZtgC7CQo,"작성시간
4일"
건강,https://www.teamblind.com/kr/post/%EC%8B%AC%EB%A6%AC-%EC%83%81%EB%8B%B4-%ED%95%84%EC%9A%94-%ED%95%98%EC%84%B8%EC%9A%94-5G156BPu,"작성시간
4일"
건강,https://www.teamblind.com/kr/post/%EC%9D%98%EC%82%AC%EC%95%BD%EC%82%AC-%ED%98%95%EB%93%A4%EC%95%84-%EC%9D%98%EC%82%AC%EC%97%AC%EC%B9%9C-%EC%95%BD%EB%AC%BC-%EC%A4%91%EB%8F%85-%EC%A7%88%EB%AC%B8-b28drcFz,"작성시간
4일"
건강,https://www.teamblind.com/kr/post/%EC%B9%98%EC%A7%88%EC%88%98%EC%88%A0%ED%9B%84-22%EC%9D%BC%EC%B0%A8-2mt5UhGt,"작성시간
4일"
건강,https://www.teamblind.com/kr/post/3%EB%8C%80%EC%A7%84%EB%8B%A8%EB%B9%84-%EB%B3%B4%ED%97%98%EB%A7%8C-%EA%B0%84%EB%8B%A8%ED%95%98%EA%B2%8C-%EA%B0%80%EC%9E%85%ED%95%98%EB%A0%A4%EA%B3%A0%ED%95%B4%EC%9A%94-05o71Tz3,"작성시간
4일"
건강,https://www.teamblind.com/kr/post/%ED%81%AC%EB%A6%BC%ED%8C%8C%EC%8A%A4%ED%83%80-%EB%A8%B9%EC%9D%84-%EB%95%8C-%EA%B3%A0%EC%B6%94%EA%B0%80%EB%A3%A8-%EB%BF%8C%EB%A0%A4%EB%8F%84-%EA%B4%9C%EC%B0%AE%EC%9D%8C-U4Ws37s7,"작성시간
4일"
건강,https://www.teamblind.com/kr/post/%ED%97%A4%EC%96%B4%EC%A7%80%EB%8B%88%EA%B9%8C-%EC%A7%84%EC%A7%9C%EB%A1%9C-%EA%B1%B4%EA%B0%95%ED%95%B4%EC%A7%80%EB%8A%94%EB%8D%B0-cGJTpsgV,"작성시간
4일"
건강,https://www.teamblind.com/kr/post/%EC%96%B4%ED%9C%B4-%EC%9D%B4%EB%9F%B0%EA%B1%B8-8%EC%B2%98%EB%84%8C%EC%94%A9-%EC%A3%BC%EA%B3%A0%EB%A8%B9%EB%8A%94%EB%8B%A8%EA%B2%A8-wXVViVOO,"작성시간
4일"
건강,https://www.teamblind.com/kr/post/%EB%8B%A4%EC%9D%B4%EC%86%8C-%EC%A7%81%EC%9B%90%EC%9D%80-%EB%8C%80%EA%B8%B0%EC%97%85-%EC%A7%81%EC%9B%90%EC%9D%B8%EA%B0%80%EC%9A%94-AP18vOpq,"작성시간
4일"
건강,https://www.teamblind.com/kr/post/%EC%9E%84%ED%8C%8C%EC%84%A0%EC%97%BC-%ED%81%B0-%EB%B3%91%EC%9B%90-%EA%B0%80%EC%95%BC-%EB%90%A0%EA%B9%8C-gQh2uugJ,"작성시간
4일"
건강,https://www.teamblind.com/kr/post/%ED%8E%8C%EA%B8%80-130kg%EC%97%90%EC%84%9C-85kg-%EB%8B%A4%EC%9D%B4%EC%96%B4%ED%8A%B8-%ED%9B%84%EA%B8%B0-Jx5GDr8K,"작성시간
4일"
건강,https://www.teamblind.com/kr/post/%EC%A0%9C-%EC%B9%9C%EA%B5%AC%EC%97%90%EA%B2%8C-%EC%82%B6%EC%9D%B4%EB%9D%BC%EB%8A%94-%ED%9D%AC%EB%A7%9D%EC%9D%84-%EC%84%A0%EB%AC%BC%ED%95%98%EA%B3%A0-%EC%8B%B6%EC%96%B4%EC%9A%94-zKbM36O6,"작성시간
4일"
건강,https://www.teamblind.com/kr/post/%EC%86%8C%EC%86%8C%ED%95%9C-%EA%B2%8C-%EC%A0%9C%EC%9D%BC-%EC%A2%8B%EC%9D%80-%EA%B2%83-3nU7yj0w,"작성시간
4일"
건강,https://www.teamblind.com/kr/post/%EB%AF%B8%EA%B5%AD%EC%82%B0-%ED%98%B8%EC%A3%BC%EC%82%B0-%EC%86%8C%EA%B3%A0%EA%B8%B0-%EA%B1%B4%EA%B0%95%EC%97%90-%EC%95%88-%EC%A2%8B%EC%9D%84%EA%B9%8C-syKVSRox,"작성시간
4일"
건강,https://www.teamblind.com/kr/post/%ED%97%AC%EC%8A%A4-%EA%B7%B8%EB%83%A5-%EA%B1%B4%EA%B0%95%ED%95%98%EB%A0%A4%EA%B3%A0%EC%9E%AC%EB%B0%8C%EC%96%B4%EC%84%9C-ubmRNo81,"작성시간
4일"
건강,https://www.teamblind.com/kr/post/%EA%B1%B4%EA%B0%95%EA%B2%80%EC%A7%84-%ED%9B%84-%EC%8B%9D%EA%B6%8C%EC%9D%84-%EC%95%88%EC%A4%98-KGAz4gNG,"작성시간
4일"
건강,https://www.teamblind.com/kr/post/%EC%9D%B8%EB%B0%94%EB%94%94-%E3%84%B7%E3%84%B7-puB04Uxj,"작성시간
4일"
건강,https://www.teamblind.com/kr/post/%EB%82%A8%EC%9E%90%EC%B9%9C%EA%B5%AC%EA%B0%80-41%EC%82%B4%EC%9D%B8%EB%8D%B0-%EC%97%B0%EB%B4%89%EC%9D%B4-6200%EC%9D%B4%EC%95%BC-W5NLbFL5,"작성시간
4일"
건강,https://www.teamblind.com/kr/post/%EB%B6%80%EB%B6%80%EA%B4%80%EA%B3%84-%EA%B4%80%EB%A0%A8%ED%95%B4%EC%84%9C-%EA%B3%A0%EB%AF%BC%EC%83%81%EB%8B%B4-y1hfrH5m,"작성시간
4일"
건강,,"작성시간
4일"
건강,https://www.teamblind.com/kr/post/%EB%82%98-%EC%95%A0%EA%B8%B0-%EA%B0%96%EA%B3%A0-%EC%8B%B6%EB%82%98%EB%B4%90-mKLq2Cdo,"작성시간
4일"
건강,https://www.teamblind.com/kr/post/%EA%B1%B4%EA%B0%95%EA%B2%80%EC%A7%84-%EB%B0%9B%EC%9C%BC%EB%9F%AC-%EC%99%94%EB%8A%94%EB%8D%B0-3zuzXcPT,"작성시간
4일"
건강,https://www.teamblind.com/kr/post/%EC%A0%80%EA%B0%99%EC%9D%80-%EB%AC%B4%EA%B8%B0%EB%A0%A5%ED%95%9C-%EC%A7%81%EC%9E%A5%EC%9D%B8-%EC%97%86%EA%B2%A0%EC%A3%A0-hybEY4Yr,"작성시간
4일"
건강,https://www.teamblind.com/kr/post/%EC%99%9C-%EC%82%AC%EB%8A%94%EA%B1%B8%EA%B9%8C-AU86BX36,"작성시간
4일"
건강,https://www.teamblind.com/kr/post/%EC%97%AC%EC%9E%90%EC%B9%9C%EA%B5%AC-%EC%A7%81%EC%97%85-pJCyEhUD,"작성시간
4일"
건강,https://www.teamblind.com/kr/post/%EA%B1%B4%EA%B0%95%ED%95%9C-%EC%82%AC%EB%9E%8C-%EB%B6%80%EB%9F%BD%EB%8B%A4-LbbwYGxD,"작성시간
4일"
건강,https://www.teamblind.com/kr/post/%EA%B8%B0%EB%B6%84%EC%9D%B4-%EC%B0%A9%EC%9E%A1%ED%95%98%EB%84%A4-J0U0fd0S,"작성시간
5일"
건강,https://www.teamblind.com/kr/post/2%EC%B0%A8-%EB%A9%B4%EC%A0%91-%EC%A2%8B%EC%9D%80-%EC%82%AC%EC%9D%B8%EC%9D%BC%EA%B9%8C%EC%9A%94-%E3%85%A0%E3%85%9C-iwHW5Li8,"작성시간
5일"
건강,https://www.teamblind.com/kr/post/%EC%9C%A1%EC%95%84%ED%95%B4%EB%B3%B4%EB%8B%88-%EB%8D%94%EB%8D%94%EC%9A%B1-%EA%B1%B4%EA%B0%95%ED%95%98%EA%B8%B0%EB%A7%8C-%ED%95%98%EB%A9%B4-%EC%A2%8B%EA%B2%A0%EB%8B%A4-%EC%83%9D%EA%B0%81%EB%93%9C%EB%8A%94%EA%B2%8C%E2%80%A6-HDfEu268,"작성시간
5일"
건강,https://www.teamblind.com/kr/post/%EC%9A%B4%EB%8F%99%EC%97%90-%EB%AF%B8%EC%B9%98%EB%A9%B4-%EC%A0%95%EB%A7%90-%EB%AA%B8%EA%B3%BC-%EB%A7%88%EC%9D%8C%EC%9D%B4-%EA%B1%B4%EA%B0%95%ED%95%B4%EC%A7%80%EB%8A%94-%EB%93%AF-OfuE8cJm,"작성시간
5일"
건강,https://www.teamblind.com/kr/post/%E3%85%8B%E3%85%8B%E3%85%8B-%EB%8C%80%EA%B8%B0%EC%97%85-%EC%A0%95%EB%85%84-%EB%B3%B4%EC%9E%A5%EB%90%98%EB%A9%B4-%EB%AD%90%ED%95%B4-FoO4uhQ1,"작성시간
5일"
건강,https://www.teamblind.com/kr/post/T%EB%9E%91-F-%EC%9E%98-%EB%A7%8C%EB%82%A0-%EC%88%98-%EC%9E%88%EC%9D%84%EA%B9%8C-g0nXTJx7,"작성시간
5일"
건강,https://www.teamblind.com/kr/post/%ED%95%B4%EC%B4%89%EC%A6%9D%EB%AA%85%EC%84%9C-Nhfi4M4Q,"작성시간
5일"
건강,https://www.teamblind.com/kr/post/%EC%9A%B4%EB%8F%99%EC%9D%84-%EC%9D%B4%EC%A0%9C-%EB%A7%89-%EC%8B%9C%EC%9E%91%ED%95%9C-%EB%84%88%EC%97%90%EA%B2%8C-%EC%8B%9D%EB%8B%A8-KOEddenM,"작성시간
5일"
건강,https://www.teamblind.com/kr/post/%EA%B1%B4%EA%B0%95%EC%B2%B4-%EB%B3%B4%ED%97%98-uzqCU3wL,"작성시간
5일"
건강,https://www.teamblind.com/kr/post/%EB%B6%80%EC%82%B0-%EC%A0%95%EC%83%81%EC%9D%B8-%EC%9A%B4%EB%8F%99%EB%AA%A8%EC%9E%84-%ED%99%8D%EB%B3%B4%ED%95%A9%EB%8B%88%EB%8B%A4-sJCddGM2,"작성시간
5일"
건강,https://www.teamblind.com/kr/post/%EC%A7%84%EB%A3%8C-%EC%9D%B4%EB%A0%A5-H68O0Psv,"작성시간
5일"
건강,https://www.teamblind.com/kr/post/%EA%B1%B4%EA%B0%95%EA%B2%80%EC%A7%84-%EC%B1%84%EB%B3%80%EC%9D%80-%EC%96%B4%EB%96%BB%EA%B2%8C-%ED%95%B4%EC%95%BC%EB%8F%BC-%E3%85%8B%E3%85%8B%E3%85%8B-Fk5rJ2P4,"작성시간
5일"
건강,https://www.teamblind.com/kr/post/%ED%9A%8C%EC%82%AC%EB%A7%8C-%EA%B0%80%EB%A9%B4-%EC%96%B4%EC%A7%80%EB%9F%BD%EA%B3%A0-%ED%86%A0%ED%95%A0%EA%BA%BC-%EA%B0%99%EC%95%84-EBNoj4Bn,"작성시간
5일"
건강,https://www.teamblind.com/kr/post/%EA%B1%B4%EA%B0%95%EA%B2%80%EC%A7%84%EB%8F%84-%ED%99%98%EC%9E%90%EB%9E%91-%EC%9D%98%EC%82%AC%EB%9E%91-%ED%95%A9%EC%9D%B4-%EC%9E%98-%EB%A7%9E%EC%95%84%EC%95%BC-%ED%95%98%EA%B2%A0%EB%90%B4-VZtMbLOC,"작성시간
5일"
건강,https://www.teamblind.com/kr/post/%EA%B5%AD%EA%B0%80%EA%B0%80-%EA%B5%AD%EB%AF%BC%EC%9D%98-%EB%B9%84%EB%A7%8C%EC%9C%A8%EC%9D%84-%EA%B4%80%EB%A6%AC%ED%95%98%EB%8A%94-%EC%8B%9C%EB%8C%80%EB%8A%94-%EB%B0%98%EB%93%9C%EC%8B%9C-%EC%98%A8%EB%8B%A4-pQey8DEa,"작성시간
5일"
건강,https://www.teamblind.com/kr/post/5%EB%85%84-%EC%95%88%EC%97%90-%EC%A2%8B%EC%86%8C%EA%B8%B0%EC%97%85-%EC%B0%A8%EB%A6%AC%EB%8A%94%EA%B2%8C-%EB%AA%A9%ED%91%9C%EB%8B%A4-sTEvbSdW,"작성시간
5일"
건강,https://www.teamblind.com/kr/post/%ED%86%A0%ED%94%BD-%EC%A7%81%EC%9E%A5%EC%9D%B8-%EC%B7%A8%EB%AF%B8%EC%83%9D%ED%99%9C-3040-%EC%A7%81%EC%9E%A5%EC%9D%B8-%EB%AA%A8%EC%9E%84-%EC%B0%9C%EC%A7%88%EB%B0%A9-%EB%AA%A8%EC%A7%91%ED%95%A9%EB%8B%88%EB%8B%A4-zGqdeGeO,"작성시간
5일"
건강,https://www.teamblind.com/kr/post/%ED%92%8B%EC%82%B4-%EC%A2%8B%EC%95%84%ED%95%98%EB%8A%94-%EC%97%AC%EC%84%B1%EB%B6%84-wPZuyXZP,"작성시간
5일"
건강,https://www.teamblind.com/kr/post/%EB%8D%B0%EB%A6%B4%EC%82%AC%EC%9C%84%EB%A5%BC-%EC%9B%90%ED%95%A8-Hg2q1Ac3,"작성시간
5일"
건강,https://www.teamblind.com/kr/post/%EC%9A%B4%EC%A0%84%EC%9E%90%EB%B3%B4%ED%97%98-%EB%A6%AC%EB%AA%A8%EB%8D%B8%EB%A7%81-%ED%95%84%EC%9A%94%ED%95%9C%EA%B0%80%EC%9A%94-bVS1YF43,"작성시간
5일"
건강,https://www.teamblind.com/kr/post/%EC%9D%B4%EB%A0%87%EA%B2%8C-%EC%82%B4%EC%95%84%EB%8F%84-%EB%90%98%EB%8A%94%EA%B1%B4%EA%B0%80-%EC%8B%B6%EB%8B%A4-z1gXYSbY,"작성시간
5일"
건강,https://www.teamblind.com/kr/post/%EC%95%84%EC%9D%B4-%EB%82%B3%EC%9C%BC%EB%A9%B4-%EA%B2%BD%EC%A0%9C%EC%A0%81%EC%9C%BC%EB%A1%9C%EB%8A%94-%ED%99%95%EC%8B%A4%ED%9E%88-%EB%B9%A0%EB%93%AF%ED%95%B4%EC%A0%B8%EC%9A%94-8d21KkZy,"작성시간
5일"
건강,https://www.teamblind.com/kr/post/%EC%9D%BC%ED%95%A0-%EB%95%8C%EB%A7%88%EB%8B%A4-%EA%B0%80%EC%8A%B4%EC%9D%B4-%EB%8B%B5%EB%8B%B5%ED%95%B4%EC%A7%80%EB%8A%94-%EA%B1%B8-%EB%8A%90%EB%81%BC%EB%8A%94%EB%8D%B0-4xavT1V4,"작성시간
5일"
건강,https://www.teamblind.com/kr/post/89%EB%85%84%EC%83%9D%EC%9D%B4-%EC%93%B0%EB%8A%94-30-%EC%A4%91%ED%9B%84%EB%90%98%EC%84%9C-%EB%8A%90%EB%82%80%EC%A0%90-NY4PQK15,"작성시간
5일"
건강,https://www.teamblind.com/kr/post/%EC%99%B8%EB%B2%BD-%ED%81%AC%EB%9E%99-%EB%95%8C%EB%AC%B8%EC%97%90-%EB%88%84%EC%88%98-%EB%82%98%EB%A9%B4-%EB%B3%B4%ED%86%B5-%EC%96%BC%EB%A7%88-%EB%B6%80%EB%A5%B4%EB%82%98%EC%9A%94-KMbiCau4,"작성시간
5일"
건강,https://www.teamblind.com/kr/post/%EC%A0%95%EC%8B%A0%EA%B1%B4%EA%B0%95%EC%9D%98%ED%95%99%EA%B3%BC-WaMXPOPD,"작성시간
5일"
건강,https://www.teamblind.com/kr/post/%EC%9E%90%EB%85%80-%EC%B6%9C%EC%83%9D%ED%95%98%EA%B3%A0-%EA%B1%B4%EA%B0%95%EB%B3%B4%ED%97%98-%EC%9E%90%EA%B2%A9%EC%B7%A8%EB%93%9D-62mAg84v,"작성시간
5일"
건강,https://www.teamblind.com/kr/post/%EA%B5%AC%EA%B8%89%EB%8C%80%EC%9B%90%EC%9E%85%EB%8B%88%EB%8B%A4-%ED%8F%AD%ED%96%89%EB%8B%B9%ED%96%88%EB%8A%94%EB%8D%B0-%EA%B3%B5%EC%83%81%EC%B2%98%EB%A6%AC%EA%B0%80%EB%8A%A5%ED%95%A0%EA%B9%8C%EC%9A%94-SaRPs4zS,"작성시간
5일"
건강,https://www.teamblind.com/kr/post/%EA%B1%B4%EA%B0%95%EB%AA%A9%EC%A0%81%EC%9C%BC%EB%A1%9C-%EC%9B%A8%EC%9D%B4%ED%8A%B8-%ED%95%98%EB%A0%A4%EB%8A%94%EB%8D%B0-Bvrn1fBW,"작성시간
5일"
건강,https://www.teamblind.com/kr/post/%EB%82%B4-%EC%83%9D%EA%B0%81%EC%97%90-%EC%93%B8%EB%AA%A8%EC%97%86%EB%8A%94-%EA%B2%83%EB%93%A4-ZVVsMooy,"작성시간
5일"
건강,https://www.teamblind.com/kr/post/%EB%AA%A9%ED%84%B1-%EB%92%A4-%EA%B7%80-%EC%95%84%EB%9E%98-%EC%9E%91%EC%9D%80-%EB%A9%8D%EC%9A%B8-gFHzAvQH,"작성시간
5일"
건강,,"작성시간
5일"
건강,https://www.teamblind.com/kr/post/%ED%9A%8C%EC%82%AC-%EC%83%9D%ED%99%9C%EC%97%90-%ED%9E%90%EB%A7%81%EC%9D%B4-%ED%95%84%EC%9A%94%ED%95%B4-ek8VkHSO,"작성시간
5일"
건강,https://www.teamblind.com/kr/post/%EC%A0%81%EB%8B%B9%ED%95%9C-%EC%B2%B4%EC%A7%80%EB%B0%A9%EA%B3%BC-%EA%B7%BC%EC%9C%A1%EC%9D%84-%EC%9C%A0%EC%A7%80%ED%95%B4%EC%95%BC-%EA%B1%B4%EA%B0%95%ED%95%9C-%EB%AA%B8-Zo2yboEJ,"작성시간
5일"
건강,https://www.teamblind.com/kr/post/3040-%EC%A7%81%EC%9E%A5%EC%9D%B8-%EB%AA%A8%EC%9E%84-%EC%B0%9C%EC%A7%88%EB%B0%A9-%EB%AA%A8%EC%A7%91%ED%95%A9%EB%8B%88%EB%8B%A4-A4WX4gGm,"작성시간
5일"
건강,https://www.teamblind.com/kr/post/%EB%82%98%EC%9D%B4-%EB%A7%8E%EC%9D%80-%EB%B0%98%EB%A0%A4%EB%8F%99%EB%AC%BC-%ED%82%A4%EC%9A%B0%EB%8A%94%EB%8D%B0-%EA%B3%A7-%EC%A3%BD%EA%B2%A0%EB%8B%A4%EA%B3%A0-%ED%95%98%EB%8A%94-%EC%97%B0%EB%86%88%EB%93%A4%EC%9D%80-%EC%82%AC%ED%8C%A8%EC%9D%B8%EA%B1%B0%EC%95%BC-MoLPi1wn,"작성시간
5일"
건강,https://www.teamblind.com/kr/post/%EA%B5%AD%EB%AF%BC%EB%B0%A9%EC%9C%84%EA%B5%B0-%EC%82%AC%EA%B1%B4%EC%9D%B4-%EA%B5%90%EA%B3%BC%EC%84%9C%EC%97%90-%EC%95%88-%EC%8B%A4%EB%A6%AC%EB%8A%94-%EC%9D%B4%EC%9C%A0%EA%B0%80-bm8xfbqn,"작성시간
5일"
건강,https://www.teamblind.com/kr/post/%EB%8B%A4%EB%93%A4-%EA%B1%B4%EA%B0%95%ED%95%98%EC%84%B8%EC%9A%94-PnBW1Vnp,"작성시간
5일"
건강,https://www.teamblind.com/kr/post/%EB%82%98-%EB%B0%A9%EA%B8%88-%EA%B8%B0%EB%B6%84-%EB%82%98%EC%81%9C-%EC%9D%BC-%EC%9E%88%EC%97%88%EC%96%B4-4hCtCHij,"작성시간
5일"
건강,https://www.teamblind.com/kr/post/%EC%9D%B4%EB%9F%B0-%EB%82%A8%ED%8E%B8-%EC%96%B4%EB%96%BB%EA%B2%8C-%EB%8F%84%EC%99%80%EC%A4%98%EC%95%BC%ED%95%B4-geMEOMPC,"작성시간
6일"
건강,https://www.teamblind.com/kr/post/%EC%9C%A1%EC%95%84-%ED%9E%98%EB%93%A4%EB%95%8C-%EB%A8%B9%EB%8A%94%EA%B1%B0-%EB%A7%90%EA%B3%A0-%EC%8A%A4%ED%8A%B8%EB%A0%88%EC%8A%A4-%ED%92%80-%EB%B0%A9%EB%B2%95-%EB%AD%90%EC%9E%88%EC%9D%84%EA%B9%8C-B4xjVwpk,"작성시간
6일"
건강,https://www.teamblind.com/kr/post/%EC%8B%9C%ED%97%98%EA%B4%80-%ED%95%98%EB%A0%A4%EB%8A%94%EB%8D%B0-%EB%A7%8E%EC%9D%80-%EA%B2%BD%ED%97%98%EB%8B%B4-%EB%B6%80%ED%83%81%EB%93%9C%EB%A0%A4%EC%9A%94-Ugj2qECu,"작성시간
6일"
건강,https://www.teamblind.com/kr/post/%EC%88%A0%EC%9D%84-%EC%A2%8B%EC%9D%80-%EB%B6%84%EB%93%A4%EA%B3%BC-%EC%A0%81%EB%8B%B9%ED%9E%88-%ED%95%9C%EC%9E%94%ED%95%B4%EC%84%9C-H7CJKseO,"작성시간
6일"
건강,https://www.teamblind.com/kr/post/%EC%9D%B4%EC%84%B1%EB%A7%8C%EB%82%A0%EB%95%8C-%EB%91%90%EB%A0%A4%EC%9B%80%EB%B3%91-B5SEKc3k,"작성시간
6일"
건강,https://www.teamblind.com/kr/post/3040-%EC%A7%81%EC%9E%A5%EC%9D%B8-%EB%AA%A8%EC%9E%84-%EC%B0%9C%EC%A7%88%EB%B0%A9-%EB%AA%A8%EC%A7%91%ED%95%A9%EB%8B%88%EB%8B%A4-gvetrDkj,"작성시간
6일"
건강,https://www.teamblind.com/kr/post/%EC%9A%B0%EC%9A%B8%ED%95%9C-%EC%82%AC%EB%9E%8C%EC%9D%80-%ED%98%84%EC%8B%A4%EC%97%90-%EB%85%B8%EB%A0%A5%EC%9D%84-%EC%95%88%ED%95%B4%EC%84%9C-%EC%9A%B0%EC%9A%B8%ED%95%9C%EA%B1%B8%EA%B9%8C-0yD1PS3i,"작성시간
6일"
건강,https://www.teamblind.com/kr/post/3%EB%8C%80%EB%AA%87%EC%97%90-%EC%A7%91%EC%B0%A9%ED%95%98%EC%A7%80%EB%A7%90%EA%B3%A0-%EA%B1%B4%EA%B0%95%ED%95%98%EA%B2%8C-%EC%9A%B4%EB%8F%99%ED%95%98%EC%9E%90-4Atd4Dpc,"작성시간
6일"
건강,https://www.teamblind.com/kr/post/%EA%B3%A0%EB%A0%A4%EC%9E%A5%EC%9D%80-%EB%B6%80%ED%99%9C%ED%95%B4%EC%95%BC-%ED%95%9C%EB%8B%A4-K3ys6zMv,"작성시간
6일"
건강,https://www.teamblind.com/kr/post/%EA%B7%BC%EB%8D%B0-%EA%B3%B5%EB%AC%B4%EC%9B%90-%EC%A2%8B%EC%9D%80-%EC%A7%81%EC%97%85%EC%9D%80-%EB%A7%9E%EC%9D%8C-i8uG0DKV,"작성시간
6일"
건강,https://www.teamblind.com/kr/post/%EA%B5%AD%EC%A0%9C%EC%97%B0%EC%95%A0%EA%B2%B0%ED%98%BC-%EC%83%9D%ED%99%9C-%EA%B2%BD%ED%97%98%EB%8B%B4-%EA%B3%B5%EC%9C%A0-%EA%B8%B4-%EA%B8%80-RUHQa8xU,"작성시간
6일"
건강,https://www.teamblind.com/kr/post/%EC%9E%90%EA%B8%B0%EB%A7%8C%EC%9D%98-%EA%B1%B4%EA%B0%95%ED%95%9C-%EC%8A%B5%EA%B4%80-%EC%9E%90%EB%9E%91%ED%95%B4%EB%B4%90-s0KYa2hc,"작성시간
6일"
건강,https://www.teamblind.com/kr/post/%EC%9C%A0%EC%B9%98%EC%9B%90-%EB%A7%88%EC%9D%8C%EC%97%90-%EB%93%9C%EB%84%A4-BkTX5C2o,"작성시간
6일"
건강,https://www.teamblind.com/kr/post/[%EA%B0%95%EC%95%84%EC%A7%80-%EC%9E%85%EC%96%91]-105kg-%EB%AF%B8%EB%8B%88-%EC%A7%84%EB%8F%84%EB%AF%B9%EC%8A%A4-%EA%B0%80%EC%A1%B1-%EC%B0%BE%EA%B3%A0-%EC%9E%88%EC%8A%B5%EB%8B%88%EB%8B%A4%F0%9F%92%95-WuKjHL7Z,"작성시간
6일"
건강,https://www.teamblind.com/kr/post/%EC%A0%9C%EB%A1%9C%EC%BD%9C%EB%9D%BC-vs-%EC%BD%9C%EB%9D%BC-%EB%AD%90%EA%B0%80-%EB%8D%94-%EA%B1%B4%EA%B0%95%EC%97%90-%EB%82%98%EC%9D%84%EA%B9%8C-2WWFpmXr,"작성시간
6일"
건강,https://www.teamblind.com/kr/post/%ED%8C%A9%ED%8A%B8%EB%8A%94-%EA%B7%B8%EB%A7%8C%ED%81%BC-%EA%B1%B4%EA%B0%95%ED%95%B4%EC%A7%80%EA%B3%A0%EC%9E%88%EB%8B%A4%EB%8A%94%EA%B1%B0%EC%9E%84-4pvVTXv2,"작성시간
6일"
건강,https://www.teamblind.com/kr/post/%EC%8B%A0%EB%9E%91-%EB%B3%B4%ED%97%98%EB%95%8C%EB%AC%B8%EC%97%90-43raP1o2,"작성시간
6일"
건강,https://www.teamblind.com/kr/post/%EA%B3%BC%EB%AF%BC%EC%84%B1-%EB%8C%80%EC%9E%A5%EC%A6%9D%ED%9B%84%EA%B5%B0-%EC%9E%88%EB%8A%94%EC%82%AC%EB%9E%8C-%EC%9E%88%EC%96%B4-6EUc8qFy,"작성시간
6일"
건강,https://www.teamblind.com/kr/post/%EA%B1%B4%EA%B0%95%EA%B2%80%EC%A7%84-%EB%B0%9B%EC%9C%BC%EB%A0%A4%EA%B3%A0-%ED%95%98%EB%8A%94%EB%8D%B0-2YQ8h3Gp,"작성시간
6일"
건강,https://www.teamblind.com/kr/post/%EC%95%9E%EC%9C%BC%EB%A1%9C%EC%9D%98-%EC%9A%B4%EB%8F%99%EB%B0%A9%ED%96%A5-%EC%A1%B0%EC%96%B8%EC%A2%80-%EB%B6%80%ED%83%81%ED%95%B4%EC%97%AC-qLYr0Y0V,"작성시간
6일"
건강,https://www.teamblind.com/kr/post/Sh-%EC%9E%A5%EA%B8%B0%EC%A0%84%EC%84%B8-%EC%86%8C%EB%93%9D%EA%B8%B0%EC%A4%80-oUvFUHFq,"작성시간
6일"
건강,https://www.teamblind.com/kr/post/%EC%9A%B0%EB%A6%B0-%ED%99%95%EC%A6%9D%ED%8E%B8%ED%96%A5%EC%9D%98-%EC%8B%9C%EB%8C%80%EC%97%90-%EC%82%B4%EA%B3%A0%EC%9E%88%EC%96%B4-fT1vqugb,"작성시간
6일"
건강,https://www.teamblind.com/kr/post/%EC%95%84%EB%AA%A8%EB%A0%88%ED%8D%BC%EC%8B%9C%ED%94%BD-%EA%B1%B4%EA%B0%95%EA%B8%B0%EB%8A%A5%EC%8B%9D%ED%92%88-BM-VjCRecm0,"작성시간
6일"
건강,https://www.teamblind.com/kr/post/3040-%EC%A7%81%EC%9E%A5%EC%9D%B8-%EB%AA%A8%EC%9E%84-%EC%B0%9C%EC%A7%88%EB%B0%A9-%EB%AA%A8%EC%A7%91%ED%95%A9%EB%8B%88%EB%8B%A4-4CH1LKJC,"작성시간
6일"
건강,https://www.teamblind.com/kr/post/CC%EB%A7%90%EA%B3%A0-%EC%A3%BC%EB%B3%80-%ED%95%99%EA%B5%90%EC%97%90-%EA%B4%9C%EC%B0%AE%EC%9D%80-%EC%95%A0-%EC%86%8C%EA%B0%9C%EB%B0%9B%EA%B3%A0-%EC%8B%B6%EC%9D%80%EB%8D%B0%F0%9F%A4%AD-6cKRAHnQ,"작성시간
6일"
건강,https://www.teamblind.com/kr/post/%EA%B2%B0%ED%98%BC%EC%98%88%EC%A0%95%EC%9D%B4%EA%B3%A0-%ED%97%88%EB%8B%88%EB%AC%B8%EB%B2%A0%EC%9D%B4%EB%B9%84%EA%B0%80-%EB%AA%A9%ED%91%9C%EC%95%BC-2bzONRnW,"작성시간
6일"
건강,https://www.teamblind.com/kr/post/%EC%97%B4%EC%8B%AC%ED%9E%88-%EC%82%B4%EC%95%84%EC%95%BC%ED%95%A0-%EC%9D%B4%EC%9C%A0%EA%B0%80-%EC%9E%88%EC%9D%84%EA%B9%8C-4cMhAHDA,"작성시간
6일"
건강,https://www.teamblind.com/kr/post/%EC%9D%B4%EA%B1%B0-%EC%96%B4%EB%96%BB%EA%B2%8C-%ED%95%B4%EC%84%9D%ED%95%B4%EC%95%BC%ED%95%A8-HG8dvdXg,"작성시간
6일"
건강,https://www.teamblind.com/kr/post/%ED%98%95%EB%93%A4%EC%9D%80-%EC%99%9C-%EC%82%B4%EC%95%84-j6hmEs0O,"작성시간
6일"
건강,https://www.teamblind.com/kr/post/%EC%9E%84%EC%8B%A0%EC%A4%91%EC%9D%B8%EB%8D%B0-sLfuESZK,"작성시간
6일"
건강,https://www.teamblind.com/kr/post/%EB%8F%88-%EB%A7%8E%EC%9D%B4-%EB%B2%84%EB%8A%94-%EA%B1%B4-%EC%9D%B4%EC%9C%A0%EA%B0%80-%EC%9E%88%EB%8B%A4-XaJ1wfWd,"작성시간
6일"
건강,https://www.teamblind.com/kr/post/%ED%9A%8C%EC%82%AC%EB%8B%A4%EB%8B%88%EB%8A%94%EA%B1%B0-%EC%9D%80%EA%B7%BC-%EC%A2%8B%EC%A7%80-%EC%95%8A%EC%9D%8C-RZv7Cqyw,"작성시간
6일"
건강,https://www.teamblind.com/kr/post/%EC%8B%AC%EC%9E%A5%EA%B2%80%EC%82%AC%EB%8A%94-%EC%96%B4%EB%94%94%EC%84%9C-%EB%B0%9B%EC%95%84-3EJYhs2A,"작성시간
6일"
건강,https://www.teamblind.com/kr/post/%EB%B3%B4%ED%97%98%EC%84%A4%EA%B3%84%EB%B0%9B%EC%95%98%EB%8A%94%EB%8D%B0-%ED%95%9C%EB%B2%88-%EB%B4%90%EC%A3%BC%EC%84%B8%EC%9A%94-3mtqLDbV,"작성시간
6일"
건강,https://www.teamblind.com/kr/post/%ED%8A%B8%EB%9D%BC%EC%9A%B0%EB%A7%88%EC%B9%98%EB%A3%8C-%EC%A0%95%EC%8B%A0%EA%B3%BC-vs-%EC%83%81%EB%8B%B4%EC%84%BC%ED%84%B0-%EC%96%B4%EB%94%94%EA%B0%80-%EC%A2%8B%EC%9D%84%EA%B9%8C-Bj0Smynb,"작성시간
6일"
건강,https://www.teamblind.com/kr/post/%EC%83%9D%EB%A6%AC%ED%95%98%EA%B8%B0-%EB%B0%94%EB%A1%9C-%EC%A0%84%EC%97%90-SfhE8mS6,"작성시간
6일"
건강,https://www.teamblind.com/kr/post/%EB%8B%A4%EB%93%A4-%EC%9D%B4%EB%B2%88%EC%83%9D-%EB%A7%9D%ED%96%88%EC%96%B4-sqPfA6Qn,"작성시간
6일"
건강,https://www.teamblind.com/kr/post/%EA%B3%A0%EC%96%91%EC%9D%B4-%EC%A7%91%EC%82%AC%EB%B6%84%EB%93%A4-zBVNYV7u,"작성시간
6일"
건강,https://www.teamblind.com/kr/post/%EC%9D%BC%EB%85%84-%EB%B0%98%EB%A7%8C%EC%97%90-%EC%B9%B4%EB%93%9C%EA%B0%92-100%EB%84%98%EA%B9%80%E3%85%A0-xhnnjOZw,"작성시간
6일"
건강,https://www.teamblind.com/kr/post/%EC%9E%A0%EC%9D%B4-%EC%95%88%EC%98%A4%EB%84%A4-VMrPT8yU,"작성시간
6일"
건강,https://www.teamblind.com/kr/post/%EC%84%B8%ED%83%81%EC%84%B8%EC%A0%9C-%ED%8D%BC%EC%8B%A4-%ED%8C%8C%EC%9B%8C%EA%B2%94%EB%85%B9%EC%83%89%EC%95%A1%EC%B2%B4-%EC%93%B0%EC%8B%9C%EB%8A%94-%EB%B6%84%EB%93%A4%EA%BB%98-rEKzeV5f,"작성시간
6일"
건강,https://www.teamblind.com/kr/post/%EC%9E%90%ED%95%B4%ED%96%88%EB%8D%98-%EC%A0%84%EB%82%A8%EC%B9%9C-%EB%8D%95%EB%B6%84%EC%97%90-%EB%8B%A4%EC%8B%9C%EB%8A%94-%EC%97%B0%EC%95%A0-%EB%AA%BB%ED%95%A0%EB%93%AF-gprATOVP,"작성시간
6일"
건강,https://www.teamblind.com/kr/post/%EB%94%94%EC%8A%A4%ED%81%AC-%EC%8B%AC%ED%95%98%EC%8B%A0-%EB%B6%84%EB%93%A4-%EC%9E%90%EB%85%80-%EB%91%98-%EA%B0%80%EC%A7%80%EC%85%A8%EB%82%98%EC%9A%94-H3JgUQmQ,"작성시간
6일"
건강,https://www.teamblind.com/kr/post/%EC%98%A4%EB%8A%98%EC%9D%98%EA%B0%90%EC%82%AC%EC%9D%BC%EA%B8%B0-R1pxX0my,"작성시간
7일"
건강,https://www.teamblind.com/kr/post/%EC%B9%98%EC%95%84%EB%B3%B4%ED%97%98%EC%B9%98%EC%95%84%ED%8C%8C%EC%A0%88-s1vgyhw1,"작성시간
7일"
